[2026-10-02 00:31:18.975] [INFO ] [P24136:T27152] diagnostics log path=C:\Users\stass\AppData\Local\Temp\nemesis-24136\mintaly_init.log
[2026-10-02 00:31:18.976] [INFO ] [P24136:T27152] diagnostics initialized; module=0x000001C0E9AF0000 size=0x59C000
[2026-10-02 00:31:18.976] [DEBUG] [P24136:T27152] stage: dll attach
[2026-10-02 00:31:18.976] [DEBUG] [P24136:T27152] build: development diagnostics
[2026-10-02 00:31:18.976] [DEBUG] [P24136:T27152] stage: crt done, spawning thread
[2026-10-02 00:31:18.977] [DEBUG] [P24136:T22036] stage: thread start
[2026-10-02 00:31:18.985] [INFO ] [P24136:T22036] crash dumps enabled; path=C:\Users\stass\AppData\Local\Temp\nemesis-24136\mintaly_crash.dmp
[2026-10-02 00:31:18.986] [DEBUG] [P24136:T22036] stage: loader session connected (protocol v1)
[2026-10-02 00:31:18.986] [INFO ] [P24136:T22036] crash handlers installed
[2026-10-02 00:31:18.986] [DEBUG] [P24136:T22036] stage: coinit
[2026-10-02 00:31:18.986] [DEBUG] [P24136:T22036] stage: config
[2026-10-02 00:31:19.848] [INFO ] [P24136:T22036] [config] startup profile=рейджуха toggles_reset=4905 reveal_radar=0 chams_enemy=0 chams_local=0
[2026-10-02 00:31:19.850] [DEBUG] [P24136:T22036] stage: regions
[2026-10-02 00:31:19.850] [DEBUG] [P24136:T22036] stage: logging
[2026-10-02 00:31:19.868] [DEBUG] [P24136:T22036] stage: integrity
[2026-10-02 00:31:19.871] [DEBUG] [P24136:T22036] stage: addresses
[2026-10-02 00:31:19.871] [INFO ] [P24136:T22036] [modules] client:              0x7ffcc9950000
[2026-10-02 00:31:19.871] [INFO ] [P24136:T22036] [modules] engine2:             0x7ffda8440000
[2026-10-02 00:31:19.871] [INFO ] [P24136:T22036] [modules] server:              0x7ffccc2f0000
[2026-10-02 00:31:19.871] [INFO ] [P24136:T22036] [modules] scene_system:        0x7ffceb970000
[2026-10-02 00:31:19.871] [INFO ] [P24136:T22036] [modules] material_system2:    0x7ffd10bc0000
[2026-10-02 00:31:19.871] [INFO ] [P24136:T22036] [modules] render_system_dx11:  0x7ffd10ec0000
[2026-10-02 00:31:19.871] [INFO ] [P24136:T22036] [modules] panorama:            0x7ffce3df0000
[2026-10-02 00:31:19.871] [INFO ] [P24136:T22036] [modules] game_overlay:        0x7ffdb5840000
[2026-10-02 00:31:19.871] [INFO ] [P24136:T22036] [modules] schema_system:       0x7ffda83c0000
[2026-10-02 00:31:19.871] [INFO ] [P24136:T22036] [modules] input_system:        0x7ffdb57e0000
[2026-10-02 00:31:19.871] [INFO ] [P24136:T22036] [modules] sound_system:        0x7ffcfaa30000
[2026-10-02 00:31:19.871] [INFO ] [P24136:T22036] [modules] tier0:               0x7ffda8dc0000
[2026-10-02 00:31:19.871] [INFO ] [P24136:T22036] [modules] particles:           0x7ffce9a40000
[2026-10-02 00:31:19.871] [INFO ] [P24136:T22036] [modules] resource_system:     0x7ffda9760000
[2026-10-02 00:31:19.871] [INFO ] [P24136:T22036] [modules] localize:            0x7ffdb5780000
[2026-10-02 00:31:19.871] [INFO ] [P24136:T22036] [modules] mesh_system:         0x7ffd045e0000
[2026-10-02 00:31:19.871] [INFO ] [P24136:T22036] [modules] file_system_stdio:   0x7ffd5d310000
[2026-10-02 00:31:19.872] [INFO ] [P24136:T22036] [modules] vphysics2:           0x7ffd023a0000
[2026-10-02 00:31:20.074] [INFO ] [P24136:T22036] DXGI vtable resolved: present=00007FFE506D9530 resize=00007FFE506F7180
[2026-10-02 00:31:20.101] [DEBUG] [P24136:T22036] stage: systems
[2026-10-02 00:31:20.528] [INFO ] [P24136:T22036] [materials] flat=000005CD9C099800 flat_ignorez=000005CD55175800 metallic=000005CD54DF6000 outlines=000005CD9C09F800 glow=000005CD9CC14800 loaded_core=1
[2026-10-02 00:31:20.574] [INFO ] [P24136:T22036] event signature warmup: 17/17 resolved in 45.09 ms
[2026-10-02 00:31:21.779] [INFO ] [P24136:T22036] [model-preview] initialized build=skin-preview-20260930-r5
[2026-10-02 00:31:21.779] [DEBUG] [P24136:T22036] stage: econ
[2026-10-02 00:31:21.789] [INFO ] [P24136:T22036] [econ] waiting for item schema
[2026-10-02 00:31:25.285] [DEBUG] [P24136:T22036] stage: hooks
[2026-10-02 00:31:25.286] [INFO ] [P24136:T22036] DXGI bootstrap target: get_desc=00007FFE50700370 present=00007FFE506D9530 resize=00007FFE506F7180
[2026-10-02 00:31:25.287] [INFO ] [P24136:T22036] DXGI bootstrap hook created: target=00007FFE50700370 len=20 trampoline=00007FFE506B0000
[2026-10-02 00:31:25.333] [INFO ] [P24136:T31896] DXGI swap-chain vtable patched: vtable=00007FFE5078D688 present=00007FFE506D9530 resize=00007FFE506F7180
[2026-10-02 00:31:25.379] [INFO ] [P24136:T22036] [error] pattern not found | 488BC844886C2430>E8????????84C00F84????????
[2026-10-02 00:31:25.440] [INFO ] [P24136:T22036] failed to hook: render_crosshair
[2026-10-02 00:31:25.440] [INFO ] [P24136:T22036] skipping unavailable hook: render_crosshair
[2026-10-02 00:31:25.447] [INFO ] [P24136:T22036] [model-preview] frame-stage hook available=1
[2026-10-02 00:31:25.447] [INFO ] [P24136:T22036] [hooks] generate_primitives base=1 target=00007FFCEB9E8170 trampoline=00007FFCEB930000 animatable=1 target=00007FFCEB9ED7C0 trampoline=00007FFCEB920000
[2026-10-02 00:31:25.447] [INFO ] [P24136:T22036] feature hooks initialized with 1 unavailable
[2026-10-02 00:31:25.449] [DEBUG] [P24136:T22036] stage: cvars
[2026-10-02 00:31:25.449] [DEBUG] [P24136:T22036] stage: skyboxes
[2026-10-02 00:31:25.449] [DEBUG] [P24136:T22036] stage: done
[2026-10-02 00:31:26.890] [WARN ] [P24136:T9800] [fsn-diag] stage=1 ctlptr=0x7ffccbe88008 ctl=0x0 shutdown=0
[2026-10-02 00:31:26.902] [WARN ] [P24136:T9800] [lobby-music] awaiting playback generation=1 kit=76 attempt=1 hook=1 refresh=1 thread=9800
[2026-10-02 00:31:26.902] [INFO ] [P24136:T9800] [game log] mintalynews.t.me
[2026-10-02 00:31:26.903] [INFO ] [P24136:T9800] [game log] mintalynews.t.me
[2026-10-02 00:31:26.927] [INFO ] [P24136:T9800] [game log] ClientPutInServer create new player controller [mintalynews.t.me]
[2026-10-02 00:31:27.465] [INFO ] [P24136:T9800] [game log] mintalynews.t.me подключается.
[2026-10-02 00:31:27.465] [WARN ] [P24136:T9800] [local-diag] ctl=0x5cdaffe6a00 elist=0x5cd2f440000 empty=0 off_pawn=1724 off_hp=844 off_team=999 pawn_h=0xfa000c pawn=0x5cdd2b82000 hp=0 vm=0x7ffccbeb6910 gv=0x7ffccbb7be98
[2026-10-02 00:31:28.720] [INFO ] [P24136:T28900] [chams-hook] GeneratePrimitives first call hook=animatable target=00007FFCEB9ED7C0 desc=00007FFCEBFE57B0 object=000005CDAFB6EA70 a3=000000BEA267F7D0 buffer=000000BEA267ED90
[2026-10-02 00:31:28.720] [INFO ] [P24136:T33584] [chams-hook] draw_scene_object first call a1=00007FFCEBFE57B0 a2=000005CDA0C5F800 batch=000005CCA8590860 count=8 a5=000005CDB1700010 a6=000005CDB1791F90 a7=000005CCAA2FBE78
[2026-10-02 00:31:28.720] [INFO ] [P24136:T33584] [chams-state] enabled-mask=0x00 local-pawn=0000000000000000 generate-hook=1
[2026-10-02 00:31:31.893] [WARN ] [P24136:T9800] [fsn-diag] stage=0 ctlptr=0x7ffccbe88008 ctl=0x5cdaffe6a00 shutdown=0
[2026-10-02 00:31:32.465] [WARN ] [P24136:T9800] [local-diag] ctl=0x5cdaffe6a00 elist=0x5cd2f440000 empty=0 off_pawn=1724 off_hp=844 off_team=999 pawn_h=0xfa000c pawn=0x5cdd2b82000 hp=0 vm=0x7ffccbeb6910 gv=0x7ffccbb7be98
[2026-10-02 00:31:35.531] [INFO ] [P24136:T9800] [game log] mintalynews.t.me
[2026-10-02 00:31:35.544] [INFO ] [P24136:T9800] [game log] mintalynews.t.me
[2026-10-02 00:31:36.385] [INFO ] [P24136:T9800] [game log] mintalynews.t.me
[2026-10-02 00:31:36.895] [WARN ] [P24136:T9800] [fsn-diag] stage=0 ctlptr=0x7ffccbe88008 ctl=0x5cdaffe6a00 shutdown=0
[2026-10-02 00:31:37.466] [WARN ] [P24136:T9800] [local-diag] ctl=0x5cdaffe6a00 elist=0x5cd2f440000 empty=0 off_pawn=1724 off_hp=844 off_team=999 pawn_h=0xfa000c pawn=0x5cdd2b82000 hp=0 vm=0x7ffccbeb6910 gv=0x7ffccbb7be98
[2026-10-02 00:31:38.492] [INFO ] [P24136:T9800] [game log] mintalynews.t.me
[2026-10-02 00:31:38.496] [INFO ] [P24136:T9800] [game log] mintalynews.t.me
[2026-10-02 00:31:38.511] [DEBUG] [P24136:T9800] level shutdown: pre-engine cleanup
[2026-10-02 00:31:38.511] [INFO ] [P24136:T9800] [scoreboard_weapons] level change — state reset
[2026-10-02 00:31:38.511] [DEBUG] [P24136:T9800] level shutdown: cleanup complete
[2026-10-02 00:31:40.650] [WARN ] [P24136:T9800] [lobby-music] awaiting playback generation=3 kit=76 attempt=1 hook=1 refresh=1 thread=9800
[2026-10-02 00:31:40.664] [INFO ] [P24136:T9800] [game log] ClientPutInServer create new player controller [mintalynews.t.me]
[2026-10-02 00:31:41.025] [INFO ] [P24136:T9800] [game log] mintalynews.t.me подключается.
[2026-10-02 00:31:41.896] [WARN ] [P24136:T9800] [fsn-diag] stage=0 ctlptr=0x7ffccbe88008 ctl=0x5cde85cc400 shutdown=0
[2026-10-02 00:31:42.467] [WARN ] [P24136:T9800] [local-diag] ctl=0x5cde85cc400 elist=0x5cd2f440000 empty=0 off_pawn=1724 off_hp=844 off_team=999 pawn_h=0x1fd81a2 pawn=0x5cde9682000 hp=0 vm=0x7ffccbeb6910 gv=0x7ffccbb7be98
[2026-10-02 00:31:43.963] [WARN ] [P24136:T9800] [skin-hud] active=5898554 candidates=0 matches=0 reverse_offset=0 forward_offset=0
[2026-10-02 00:31:43.963] [INFO ] [P24136:T9800] [skin-schema] class=C_CS2HudModelWeapon fields=0
[2026-10-02 00:31:43.963] [INFO ] [P24136:T9800] [skin-schema] class=C_CS2HudModelBase fields=0
[2026-10-02 00:31:43.963] [INFO ] [P24136:T9800] [skin-schema] class=C_CSWeaponBase fields=57
[2026-10-02 00:31:43.963] [INFO ] [P24136:T9800] [skin-schema] class=C_CSWeaponBase field=m_iWeaponGameplayAnimState offset=6568
[2026-10-02 00:31:43.963] [INFO ] [P24136:T9800] [skin-schema] class=C_CSWeaponBase field=m_flWeaponGameplayAnimStateTimestamp offset=6572
[2026-10-02 00:31:43.963] [INFO ] [P24136:T9800] [skin-schema] class=C_CSWeaponBase field=m_flInspectCancelCompleteTime offset=6576
[2026-10-02 00:31:43.963] [INFO ] [P24136:T9800] [skin-schema] class=C_CSWeaponBase field=m_bInspectPending offset=6580
[2026-10-02 00:31:43.963] [INFO ] [P24136:T9800] [skin-schema] class=C_CSWeaponBase field=m_bInspectShouldLoop offset=6581
[2026-10-02 00:31:43.965] [INFO ] [P24136:T9800] [skin-schema] class=C_CSWeaponBase field=m_nLastEmptySoundCmdNum offset=6624
[2026-10-02 00:31:43.965] [INFO ] [P24136:T9800] [skin-schema] class=C_CSWeaponBase field=m_bFireOnEmpty offset=6628
[2026-10-02 00:31:43.965] [INFO ] [P24136:T9800] [skin-schema] class=C_CSWeaponBase field=m_OnPlayerPickup offset=6632
[2026-10-02 00:31:43.965] [INFO ] [P24136:T9800] [skin-schema] class=C_CSWeaponBase field=m_weaponMode offset=6656
[2026-10-02 00:31:43.965] [INFO ] [P24136:T9800] [skin-schema] class=C_CSWeaponBase field=m_flTurningInaccuracyDelta offset=6660
[2026-10-02 00:31:43.965] [INFO ] [P24136:T9800] [skin-schema] class=C_CSWeaponBase field=m_vecTurningInaccuracyEyeDirLast offset=6664
[2026-10-02 00:31:43.965] [INFO ] [P24136:T9800] [skin-schema] class=C_CSWeaponBase field=m_flTurningInaccuracy offset=6676
[2026-10-02 00:31:43.965] [INFO ] [P24136:T9800] [skin-schema] class=C_CSWeaponBase field=m_fAccuracyPenalty offset=6680
[2026-10-02 00:31:43.965] [INFO ] [P24136:T9800] [skin-schema] class=C_CSWeaponBase field=m_flLastAccuracyUpdateTime offset=6684
[2026-10-02 00:31:43.965] [INFO ] [P24136:T9800] [skin-schema] class=C_CSWeaponBase field=m_fAccuracySmoothedForZoom offset=6688
[2026-10-02 00:31:43.965] [INFO ] [P24136:T9800] [skin-schema] class=C_CSWeaponBase field=m_iRecoilIndex offset=6692
[2026-10-02 00:31:43.965] [INFO ] [P24136:T9800] [skin-schema] class=C_CSWeaponBase field=m_flRecoilIndex offset=6696
[2026-10-02 00:31:43.965] [INFO ] [P24136:T9800] [skin-schema] class=C_CSWeaponBase field=m_bBurstMode offset=6700
[2026-10-02 00:31:43.965] [INFO ] [P24136:T9800] [skin-schema] class=C_CSWeaponBase field=m_flLastBurstModeChangeTime offset=6704
[2026-10-02 00:31:43.965] [INFO ] [P24136:T9800] [skin-schema] class=C_CSWeaponBase field=m_nPostponeFireReadyTicks offset=6708
[2026-10-02 00:31:43.965] [INFO ] [P24136:T9800] [skin-schema] class=C_CSWeaponBase field=m_flPostponeFireReadyFrac offset=6712
[2026-10-02 00:31:43.965] [INFO ] [P24136:T9800] [skin-schema] class=C_CSWeaponBase field=m_bInReload offset=6716
[2026-10-02 00:31:43.965] [INFO ] [P24136:T9800] [skin-schema] class=C_CSWeaponBase field=m_nDeployTick offset=6720
[2026-10-02 00:31:43.965] [INFO ] [P24136:T9800] [skin-schema] class=C_CSWeaponBase field=m_flAttackHoldStartTime offset=6724
[2026-10-02 00:31:43.965] [INFO ] [P24136:T9800] [skin-schema] class=C_CSWeaponBase field=m_flDroppedAtTime offset=6728
[2026-10-02 00:31:43.965] [INFO ] [P24136:T9800] [skin-schema] class=C_CSWeaponBase field=m_bIsHauledBack offset=6736
[2026-10-02 00:31:43.965] [INFO ] [P24136:T9800] [skin-schema] class=C_CSWeaponBase field=m_bSilencerOn offset=6737
[2026-10-02 00:31:43.965] [INFO ] [P24136:T9800] [skin-schema] class=C_CSWeaponBase field=m_flTimeSilencerSwitchComplete offset=6740
[2026-10-02 00:31:43.965] [INFO ] [P24136:T9800] [skin-schema] class=C_CSWeaponBase field=m_bStealthy offset=6744
[2026-10-02 00:31:43.965] [INFO ] [P24136:T9800] [skin-schema] class=C_CSWeaponBase field=m_bInSilentReloadSection offset=6745
[2026-10-02 00:31:43.965] [INFO ] [P24136:T9800] [skin-schema] class=C_CSWeaponBase field=m_flStealthHoldStartTime offset=6748
[2026-10-02 00:31:43.965] [INFO ] [P24136:T9800] [skin-schema] class=C_CSWeaponBase field=m_bReloadHeldSinceStart offset=6752
[2026-10-02 00:31:43.965] [INFO ] [P24136:T9800] [skin-schema] class=C_CSWeaponBase field=m_flWeaponActionPlaybackRate offset=6756
[2026-10-02 00:31:43.965] [INFO ] [P24136:T9800] [skin-schema] class=C_CSWeaponBase field=m_iOriginalTeamNumber offset=6760
[2026-10-02 00:31:43.965] [INFO ] [P24136:T9800] [skin-schema] class=C_CSWeaponBase field=m_iMostRecentTeamNumber offset=6764
[2026-10-02 00:31:43.966] [INFO ] [P24136:T9800] [skin-schema] class=C_CSWeaponBase field=m_bDroppedNearBuyZone offset=6768
[2026-10-02 00:31:43.966] [INFO ] [P24136:T9800] [skin-schema] class=C_CSWeaponBase field=m_flNextAttackRenderTimeOffset offset=6772
[2026-10-02 00:31:43.966] [INFO ] [P24136:T9800] [skin-schema] class=C_CSWeaponBase field=m_bClearWeaponIdentifyingUGC offset=6944
[2026-10-02 00:31:43.966] [INFO ] [P24136:T9800] [skin-schema] class=C_CSWeaponBase field=m_bVisualsDataSet offset=6945
[2026-10-02 00:31:43.966] [INFO ] [P24136:T9800] [skin-schema] class=C_CSWeaponBase field=m_bUIWeapon offset=6946
[2026-10-02 00:31:43.966] [INFO ] [P24136:T9800] [skin-schema] class=C_CSWeaponBase field=m_nCustomEconReloadEventId offset=6948
[2026-10-02 00:31:43.966] [INFO ] [P24136:T9800] [skin-schema] class=C_CSWeaponBase field=m_bCanBePickedUp offset=6960
[2026-10-02 00:31:43.966] [INFO ] [P24136:T9800] [skin-schema] class=C_CSWeaponBase field=m_nextPrevOwnerUseTime offset=6964
[2026-10-02 00:31:43.966] [INFO ] [P24136:T9800] [skin-schema] class=C_CSWeaponBase field=m_hPrevOwner offset=6968
[2026-10-02 00:31:43.966] [INFO ] [P24136:T9800] [skin-schema] class=C_CSWeaponBase field=m_nDropTick offset=6972
[2026-10-02 00:31:43.966] [INFO ] [P24136:T9800] [skin-schema] class=C_CSWeaponBase field=m_bWasActiveWeaponWhenDropped offset=6976
[2026-10-02 00:31:43.966] [INFO ] [P24136:T9800] [skin-schema] class=C_CSWeaponBase field=m_donated offset=7012
[2026-10-02 00:31:43.966] [INFO ] [P24136:T9800] [skin-schema] class=C_CSWeaponBase field=m_fLastShotTime offset=7016
[2026-10-02 00:31:43.966] [INFO ] [P24136:T9800] [skin-schema] class=C_CSWeaponBase field=m_bWasOwnedByCT offset=7020
[2026-10-02 00:31:43.966] [INFO ] [P24136:T9800] [skin-schema] class=C_CSWeaponBase field=m_bWasOwnedByTerrorist offset=7021
[2026-10-02 00:31:43.966] [INFO ] [P24136:T9800] [skin-schema] class=C_CSWeaponBase field=m_flNextClientFireBulletTime offset=7024
[2026-10-02 00:31:43.966] [INFO ] [P24136:T9800] [skin-schema] class=C_CSWeaponBase field=m_flNextClientFireBulletTime_Repredict offset=7028
[2026-10-02 00:31:43.966] [INFO ] [P24136:T9800] [skin-schema] class=C_CSWeaponBase field=m_IronSightController offset=7120
[2026-10-02 00:31:43.966] [INFO ] [P24136:T9800] [skin-schema] class=C_CSWeaponBase field=m_iIronSightMode offset=7296
[2026-10-02 00:31:43.966] [INFO ] [P24136:T9800] [skin-schema] class=C_CSWeaponBase field=m_flLastLOSTraceFailureTime offset=7416
[2026-10-02 00:31:43.966] [INFO ] [P24136:T9800] [skin-schema] class=C_CSWeaponBase field=m_flWatTickOffset offset=7512
[2026-10-02 00:31:43.966] [INFO ] [P24136:T9800] [skin-schema] class=C_CSWeaponBase field=m_flLastShakeTime offset=7532
[2026-10-02 00:31:43.966] [INFO ] [P24136:T9800] [skin-schema] class=C_BasePlayerWeapon fields=7
[2026-10-02 00:31:43.967] [INFO ] [P24136:T9800] [skin-schema] class=C_BasePlayerWeapon field=m_nNextPrimaryAttackTick offset=6424
[2026-10-02 00:31:43.967] [INFO ] [P24136:T9800] [skin-schema] class=C_BasePlayerWeapon field=m_flNextPrimaryAttackTickRatio offset=6428
[2026-10-02 00:31:43.967] [INFO ] [P24136:T9800] [skin-schema] class=C_BasePlayerWeapon field=m_nNextSecondaryAttackTick offset=6432
[2026-10-02 00:31:43.967] [INFO ] [P24136:T9800] [skin-schema] class=C_BasePlayerWeapon field=m_flNextSecondaryAttackTickRatio offset=6436
[2026-10-02 00:31:43.967] [INFO ] [P24136:T9800] [skin-schema] class=C_BasePlayerWeapon field=m_iClip1 offset=6440
[2026-10-02 00:31:43.967] [INFO ] [P24136:T9800] [skin-schema] class=C_BasePlayerWeapon field=m_iClip2 offset=6444
[2026-10-02 00:31:43.967] [INFO ] [P24136:T9800] [skin-schema] class=C_BasePlayerWeapon field=m_pReserveAmmo offset=6448
[2026-10-02 00:31:44.051] [INFO ] [P24136:T31508] [chams-state] enabled-mask=0x40 local-pawn=000005CDD30E5800 generate-hook=1
[2026-10-02 00:31:44.111] [DEBUG] [P24136:T9800] create_move: feature pipeline begin
[2026-10-02 00:31:44.112] [DEBUG] [P24136:T9800] create_move: shared, movement and combat misc ready
[2026-10-02 00:31:44.112] [DEBUG] [P24136:T9800] create_move: rage begin
[2026-10-02 00:31:44.112] [INFO ] [P24136:T9800] [rage-diag:build] patch=scan-v1 patch_base=8bb666b compiled=Oct  2 2026 00:25:23
[2026-10-02 00:31:44.112] [DEBUG] [P24136:T9800] create_move: rage end
[2026-10-02 00:31:44.112] [DEBUG] [P24136:T9800] create_move: legit begin
[2026-10-02 00:31:44.112] [DEBUG] [P24136:T9800] create_move: legit end
[2026-10-02 00:31:44.112] [DEBUG] [P24136:T9800] create_move: post-combat movement end
[2026-10-02 00:31:44.112] [DEBUG] [P24136:T9800] create_move: quickpeek end
[2026-10-02 00:31:44.112] [DEBUG] [P24136:T9800] create_move: final subtick begin
[2026-10-02 00:31:44.112] [DEBUG] [P24136:T9800] create_move: final subtick end
[2026-10-02 00:31:44.112] [DEBUG] [P24136:T9800] create_move: input apply begin
[2026-10-02 00:31:44.132] [DEBUG] [P24136:T9800] create_move: input apply end
[2026-10-02 00:31:46.898] [WARN ] [P24136:T9800] [fsn-diag] stage=0 ctlptr=0x7ffccbe88008 ctl=0x5cde85cc400 shutdown=0
[2026-10-02 00:31:47.468] [WARN ] [P24136:T9800] [local-diag] ctl=0x5cde85cc400 elist=0x5cd2f440000 empty=0 off_pawn=1724 off_hp=844 off_team=999 pawn_h=0x901a1 pawn=0x5cdd30e5800 hp=100 vm=0x7ffccbeb6910 gv=0x7ffccbb7be98
[2026-10-02 00:31:49.112] [DEBUG] [P24136:T9800] [rage-diag:pipeline] entry=1158 gun_calls=0 targets=0 no_targets=0 scan_empty=0 scan_nonempty=0 scan_hits=0 selection=0 selected=0 fire_calls=0 attack_set=0 fire_abort_viewangles=0 fire_history_pushed=0 fire_history_missing=0 gate_inactive=126 gate_no_enemies=0 gate_disabled=377 gate_cannot_shoot=228
[2026-10-02 00:31:49.112] [DEBUG] [P24136:T9800] [rage-diag:scan] prepare_calls=0 prepare_invalid=0 prepare_fov=0 prepare_geometry=0 prepared_points=0 points=0 invalid_hitbox=0 fov=0 budget=0 penetration_failed=0 damage=0 headgroup=0 accepted=0
[2026-10-02 00:31:49.112] [DEBUG] [P24136:T9800] [rage-diag:penetration] pen_calls=0 no_weapon_damage=0 tls_failed=0 invalid_filter=0 no_trace_hits=0 contacts=0 damage_exhausted=0 contact_mismatch=0 no_target_hit=0 geometry_miss=0 pen_success=0 pen_contact_accept=0 pen_geometry_accept=0
[2026-10-02 00:31:49.112] [DEBUG] [P24136:T9800] [rage-diag:config] patch=scan-v1 item=4 no_spread=0 max_fov=180.00 min_damage=34.00 damage_override=0 override_value=11.00 weapon_damage=30.00 range=4096.00 penetration=1.00 range_modifier=0.8500
[2026-10-02 00:31:49.112] [DEBUG] [P24136:T9800] rage perf: rage_total calls=1158 avg_ms=0.029 max_ms=6.084
[2026-10-02 00:31:51.900] [WARN ] [P24136:T9800] [fsn-diag] stage=10 ctlptr=0x7ffccbe88008 ctl=0x5cde85cc400 shutdown=0
[2026-10-02 00:31:52.471] [WARN ] [P24136:T9800] [local-diag] ctl=0x5cde85cc400 elist=0x5cd2f440000 empty=0 off_pawn=1724 off_hp=844 off_team=999 pawn_h=0x901a1 pawn=0x5cdd30e5800 hp=100 vm=0x7ffccbeb6910 gv=0x7ffccbb7be98
[2026-10-02 00:31:54.114] [DEBUG] [P24136:T9800] [rage-diag:pipeline] entry=1120 gun_calls=0 targets=0 no_targets=0 scan_empty=0 scan_nonempty=0 scan_hits=0 selection=0 selected=0 fire_calls=0 attack_set=0 fire_abort_viewangles=0 fire_history_pushed=0 fire_history_missing=0 gate_inactive=0 gate_no_enemies=0 gate_disabled=1120 gate_cannot_shoot=0
[2026-10-02 00:31:54.114] [DEBUG] [P24136:T9800] [rage-diag:scan] prepare_calls=0 prepare_invalid=0 prepare_fov=0 prepare_geometry=0 prepared_points=0 points=0 invalid_hitbox=0 fov=0 budget=0 penetration_failed=0 damage=0 headgroup=0 accepted=0
[2026-10-02 00:31:54.114] [DEBUG] [P24136:T9800] [rage-diag:penetration] pen_calls=0 no_weapon_damage=0 tls_failed=0 invalid_filter=0 no_trace_hits=0 contacts=0 damage_exhausted=0 contact_mismatch=0 no_target_hit=0 geometry_miss=0 pen_success=0 pen_contact_accept=0 pen_geometry_accept=0
[2026-10-02 00:31:54.114] [DEBUG] [P24136:T9800] [rage-diag:config] patch=scan-v1 item=4 no_spread=0 max_fov=180.00 min_damage=34.00 damage_override=0 override_value=11.00 weapon_damage=30.00 range=4096.00 penetration=1.00 range_modifier=0.8500
[2026-10-02 00:31:54.114] [DEBUG] [P24136:T9800] rage perf: rage_total calls=1120 avg_ms=0.025 max_ms=0.277
[2026-10-02 00:31:56.901] [WARN ] [P24136:T9800] [fsn-diag] stage=10 ctlptr=0x7ffccbe88008 ctl=0x5cde85cc400 shutdown=0
[2026-10-02 00:31:57.473] [WARN ] [P24136:T9800] [local-diag] ctl=0x5cde85cc400 elist=0x5cd2f440000 empty=0 off_pawn=1724 off_hp=844 off_team=999 pawn_h=0x901a1 pawn=0x5cdd30e5800 hp=100 vm=0x7ffccbeb6910 gv=0x7ffccbb7be98
[2026-10-02 00:31:59.119] [DEBUG] [P24136:T9800] [rage-diag:pipeline] entry=1035 gun_calls=0 targets=0 no_targets=0 scan_empty=0 scan_nonempty=0 scan_hits=0 selection=0 selected=0 fire_calls=0 attack_set=0 fire_abort_viewangles=0 fire_history_pushed=0 fire_history_missing=0 gate_inactive=0 gate_no_enemies=0 gate_disabled=1035 gate_cannot_shoot=0
[2026-10-02 00:31:59.119] [DEBUG] [P24136:T9800] [rage-diag:scan] prepare_calls=0 prepare_invalid=0 prepare_fov=0 prepare_geometry=0 prepared_points=0 points=0 invalid_hitbox=0 fov=0 budget=0 penetration_failed=0 damage=0 headgroup=0 accepted=0
[2026-10-02 00:31:59.119] [DEBUG] [P24136:T9800] [rage-diag:penetration] pen_calls=0 no_weapon_damage=0 tls_failed=0 invalid_filter=0 no_trace_hits=0 contacts=0 damage_exhausted=0 contact_mismatch=0 no_target_hit=0 geometry_miss=0 pen_success=0 pen_contact_accept=0 pen_geometry_accept=0
[2026-10-02 00:31:59.119] [DEBUG] [P24136:T9800] [rage-diag:config] patch=scan-v1 item=4 no_spread=0 max_fov=180.00 min_damage=34.00 damage_override=0 override_value=11.00 weapon_damage=30.00 range=4096.00 penetration=1.00 range_modifier=0.8500
[2026-10-02 00:31:59.119] [DEBUG] [P24136:T9800] rage perf: rage_total calls=1035 avg_ms=0.023 max_ms=0.226
[2026-10-02 00:32:01.880] [DEBUG] [P24136:T31896] [config] settings saved to the active profile
[2026-10-02 00:32:01.905] [WARN ] [P24136:T9800] [fsn-diag] stage=0 ctlptr=0x7ffccbe88008 ctl=0x5cde85cc400 shutdown=0
[2026-10-02 00:32:02.474] [WARN ] [P24136:T9800] [local-diag] ctl=0x5cde85cc400 elist=0x5cd2f440000 empty=0 off_pawn=1724 off_hp=844 off_team=999 pawn_h=0x901a1 pawn=0x5cdd30e5800 hp=100 vm=0x7ffccbeb6910 gv=0x7ffccbb7be98
[2026-10-02 00:32:02.552] [DEBUG] [P24136:T9800] [rage-eye:v3] source=current-eye native=(nan,nan,nan) eye=(1179.504,-664.021,-158.468) selected=(1179.504,-664.021,-158.468)
[2026-10-02 00:32:02.566] [DEBUG] [P24136:T30956] [rage-contact:v2] sample=1 patch=contact-v2 compiled=Oct  2 2026 00:25:23 records_before=2 records_after=2 hits_ptr_changed=0 surfaces_ptr_changed=0 start=(1179.504,-664.021,-158.468) end=(-212.630,-1665.162,-103.354)
[2026-10-02 00:32:02.566] [DEBUG] [P24136:T30956] [rage-contact:v2] sample=1 role=target entity=000005CE1217C000 identity=000005CD4CB9BD08 readable=1 raw=006201b0 flags=00000000 normalized=006201b0 strict_raw=000005CE1217C000 strict_normalized=000005CE1217C000
[2026-10-02 00:32:02.566] [DEBUG] [P24136:T30956] [rage-contact:v2] sample=1 role=local entity=000005CDD30E5800 identity=000005CD4CB9B678 readable=1 raw=000901a1 flags=00000000 normalized=000901a1 strict_raw=000005CDD30E5800 strict_normalized=000005CDD30E5800
[2026-10-02 00:32:02.566] [DEBUG] [P24136:T30956] [rage-contact:v2] sample=1 record=0 damage=29.1063 enter=0.000000 exit=0.378171 team=4 enter_ix=8000 exit_ix=0000 bits=24
[2026-10-02 00:32:02.566] [DEBUG] [P24136:T30956] [rage-contact:v2] sample=1 record=0 token_2c=00008000 strict=000005CDDA22A800 by_index=000005CDDA22A800 slot_raw=00008000 slot_flags=00000000 slot_normalized=00008000 owner=ffffffff owner_strict=0000000000000000 owner_by_index=0000000000000000
[2026-10-02 00:32:02.566] [DEBUG] [P24136:T30956] [rage-contact:v2] sample=1 record=0 raw14=3f800000 00000000 00000000 3ec19f91 da3bdb00 000005cd daf037c0 000005cd ffffffff 00011936 ffffffff 00008000 00000033 00000000
[2026-10-02 00:32:02.566] [DEBUG] [P24136:T30956] [rage-contact:v2] sample=1 record=1 damage=0.0000 enter=0.378171 exit=1.000000 team=4 enter_ix=8000 exit_ix=0000 bits=25
[2026-10-02 00:32:02.566] [DEBUG] [P24136:T30956] [rage-contact:v2] sample=1 record=1 token_2c=00008000 strict=000005CDDA22A800 by_index=000005CDDA22A800 slot_raw=00008000 slot_flags=00000000 slot_normalized=00008000 owner=ffffffff owner_strict=0000000000000000 owner_by_index=0000000000000000
[2026-10-02 00:32:02.566] [DEBUG] [P24136:T30956] [rage-contact:v2] sample=1 record=1 raw14=3f800000 00000000 00000000 3ec19f91 da3bdb00 000005cd daf037c0 000005cd ffffffff 00011936 ffffffff 00008000 00000033 00000000
[2026-10-02 00:32:02.576] [DEBUG] [P24136:T9800] [rage-shot:v1] shot=1 report=1 suppressed=0 limit=32 tick=1561 stamp=(1562,0.000000) record_tick=1559 target=5ce125f1000 item=4 no_spread=1 forced=0 hc=1.00000 required_hc=0.00000 scan_damage=-nan hitgroup=1 history=3 attack=1 command_aim=(-1.7521,-141.3758,-139.9874)
[2026-10-02 00:32:02.576] [DEBUG] [P24136:T9800] [rage-shot:v1] shot=1 phase=scan method=geometry segment=0 count=2 target_fraction=0.3401302 target_distance=1393.173 range=4096.000 first_boundary=0.3872595 first_boundary_distance=1586.215 relation=inside damage_raw=29.0718 damage_scaled=-nan visibility_blocked=1 start=(1179.504,-664.021,-158.468) requested_end=(89.812,-1534.665,-111.759)
[2026-10-02 00:32:02.576] [DEBUG] [P24136:T9800] [rage-shot:v1] shot=1 phase=scan role=previous present=0 index=-1 enter=0.0000000 exit=0.0000000 damage=0.0000 team_raw=0 enter_ix=0000 exit_ix=0000 flags_raw=00 target_minus_enter=0.3401302 exit_minus_target=-0.3401302
[2026-10-02 00:32:02.576] [DEBUG] [P24136:T9800] [rage-shot:v1] shot=1 phase=scan role=chosen present=1 index=0 enter=0.0000000 exit=0.3872595 damage=29.0718 team_raw=4 enter_ix=8000 exit_ix=0000 flags_raw=4e target_minus_enter=0.3401302 exit_minus_target=0.0471294
[2026-10-02 00:32:02.576] [DEBUG] [P24136:T9800] [rage-shot:v1] shot=1 phase=scan role=next present=1 index=1 enter=0.3872595 exit=1.0000000 damage=0.0000 team_raw=4 enter_ix=8000 exit_ix=0003 flags_raw=4f target_minus_enter=-0.0471294 exit_minus_target=0.6598698
[2026-10-02 00:32:02.576] [DEBUG] [P24136:T9800] [rage-shot:v1] shot=1 phase=final-no-spread method=geometry segment=0 count=2 target_fraction=0.3401302 target_distance=1393.173 range=4096.000 first_boundary=0.3872596 first_boundary_distance=1586.215 relation=inside damage_raw=29.0718 damage_scaled=-nan visibility_blocked=1 start=(1179.504,-664.021,-158.468) requested_end=(-2018.730,-3219.354,-21.379)
[2026-10-02 00:32:02.576] [DEBUG] [P24136:T9800] [rage-shot:v1] shot=1 phase=final-no-spread role=previous present=0 index=-1 enter=0.0000000 exit=0.0000000 damage=0.0000 team_raw=0 enter_ix=0000 exit_ix=0000 flags_raw=00 target_minus_enter=0.3401302 exit_minus_target=-0.3401302
[2026-10-02 00:32:02.576] [DEBUG] [P24136:T9800] [rage-shot:v1] shot=1 phase=final-no-spread role=chosen present=1 index=0 enter=0.0000000 exit=0.3872596 damage=29.0718 team_raw=4 enter_ix=8000 exit_ix=0000 flags_raw=50 target_minus_enter=0.3401302 exit_minus_target=0.0471294
[2026-10-02 00:32:02.576] [DEBUG] [P24136:T9800] [rage-shot:v1] shot=1 phase=final-no-spread role=next present=1 index=1 enter=0.3872596 exit=1.0000000 damage=0.0000 team_raw=4 enter_ix=8000 exit_ix=0003 flags_raw=51 target_minus_enter=-0.0471294 exit_minus_target=0.6598698
[2026-10-02 00:32:03.579] [DEBUG] [P24136:T9800] [rage-shot:v1] shot=19 report=2 suppressed=17 limit=32 tick=1627 stamp=(1626,0.000000) record_tick=1625 target=5ce125f1000 item=4 no_spread=1 forced=0 hc=1.00000 required_hc=0.00000 scan_damage=-nan hitgroup=1 history=1 attack=1 command_aim=(-3.5320,-149.4736,-98.9003)
[2026-10-02 00:32:03.579] [DEBUG] [P24136:T9800] [rage-shot:v1] shot=19 phase=scan method=geometry segment=0 count=2 target_fraction=0.3018222 target_distance=1236.264 range=4096.000 first_boundary=0.3364922 first_boundary_distance=1378.272 relation=inside damage_raw=29.2528 damage_scaled=-nan visibility_blocked=1 start=(1154.677,-906.453,-197.581) requested_end=(90.256,-1534.104,-111.545)
[2026-10-02 00:32:03.579] [DEBUG] [P24136:T9800] [rage-shot:v1] shot=19 phase=scan role=previous present=0 index=-1 enter=0.0000000 exit=0.0000000 damage=0.0000 team_raw=0 enter_ix=0000 exit_ix=0000 flags_raw=00 target_minus_enter=0.3018222 exit_minus_target=-0.3018222
[2026-10-02 00:32:03.579] [DEBUG] [P24136:T9800] [rage-shot:v1] shot=19 phase=scan role=chosen present=1 index=0 enter=0.0000000 exit=0.3364922 damage=29.2528 team_raw=4 enter_ix=8000 exit_ix=0000 flags_raw=98 target_minus_enter=0.3018222 exit_minus_target=0.0346699
[2026-10-02 00:32:03.579] [DEBUG] [P24136:T9800] [rage-shot:v1] shot=19 phase=scan role=next present=1 index=1 enter=0.3364922 exit=1.0000000 damage=0.0000 team_raw=4 enter_ix=8000 exit_ix=0003 flags_raw=99 target_minus_enter=-0.0346699 exit_minus_target=0.6981778
[2026-10-02 00:32:03.579] [DEBUG] [P24136:T9800] [rage-shot:v1] shot=19 phase=final-no-spread method=geometry segment=0 count=2 target_fraction=0.3018156 target_distance=1236.237 range=4096.000 first_boundary=0.3364922 first_boundary_distance=1378.272 relation=inside damage_raw=29.2528 damage_scaled=-nan visibility_blocked=1 start=(1154.677,-906.453,-197.581) requested_end=(-2365.079,-2981.929,86.916)
[2026-10-02 00:32:03.580] [DEBUG] [P24136:T9800] [rage-shot:v1] shot=19 phase=final-no-spread role=previous present=0 index=-1 enter=0.0000000 exit=0.0000000 damage=0.0000 team_raw=0 enter_ix=0000 exit_ix=0000 flags_raw=00 target_minus_enter=0.3018156 exit_minus_target=-0.3018156
[2026-10-02 00:32:03.580] [DEBUG] [P24136:T9800] [rage-shot:v1] shot=19 phase=final-no-spread role=chosen present=1 index=0 enter=0.0000000 exit=0.3364922 damage=29.2528 team_raw=4 enter_ix=8000 exit_ix=0000 flags_raw=9c target_minus_enter=0.3018156 exit_minus_target=0.0346766
[2026-10-02 00:32:03.580] [DEBUG] [P24136:T9800] [rage-shot:v1] shot=19 phase=final-no-spread role=next present=1 index=1 enter=0.3364922 exit=1.0000000 damage=0.0000 team_raw=4 enter_ix=8000 exit_ix=0003 flags_raw=9d target_minus_enter=-0.0346766 exit_minus_target=0.6981844
[2026-10-02 00:32:04.121] [DEBUG] [P24136:T9800] [rage-diag:pipeline] entry=918 gun_calls=102 targets=408 no_targets=0 scan_empty=0 scan_nonempty=102 scan_hits=12990 selection=102 selected=102 fire_calls=102 attack_set=26 fire_abort_viewangles=0 fire_history_pushed=0 fire_history_missing=0 gate_inactive=0 gate_no_enemies=0 gate_disabled=636 gate_cannot_shoot=180
[2026-10-02 00:32:04.121] [DEBUG] [P24136:T9800] [rage-diag:scan] prepare_calls=1020 prepare_invalid=0 prepare_fov=0 prepare_geometry=0 prepared_points=18360 points=18360 invalid_hitbox=0 fov=0 budget=2040 penetration_failed=3330 damage=0 headgroup=0 accepted=12990
[2026-10-02 00:32:04.121] [DEBUG] [P24136:T9800] [rage-diag:penetration] pen_calls=16347 no_weapon_damage=0 tls_failed=0 invalid_filter=0 no_trace_hits=0 contacts=32798 damage_exhausted=18413 contact_mismatch=17715 no_target_hit=3330 geometry_miss=1 pen_success=13016 pen_contact_accept=0 pen_geometry_accept=13016
[2026-10-02 00:32:04.121] [DEBUG] [P24136:T9800] [rage-diag:config] patch=scan-v1 item=4 no_spread=1 max_fov=180.00 min_damage=34.00 damage_override=0 override_value=11.00 weapon_damage=30.00 range=4096.00 penetration=1.00 range_modifier=0.8500
[2026-10-02 00:32:04.121] [DEBUG] [P24136:T9800] rage perf: rage_total calls=918 avg_ms=0.140 max_ms=23.707
[2026-10-02 00:32:04.121] [DEBUG] [P24136:T9800] rage perf: gather calls=102 avg_ms=0.070 max_ms=0.417
[2026-10-02 00:32:04.121] [DEBUG] [P24136:T9800] rage perf: prepare_scan calls=1020 avg_ms=0.005 max_ms=0.810
[2026-10-02 00:32:04.121] [DEBUG] [P24136:T9800] rage perf: scan_batch calls=408 avg_ms=0.190 max_ms=14.825
[2026-10-02 00:32:04.121] [DEBUG] [P24136:T9800] rage perf: selection calls=102 avg_ms=0.006 max_ms=0.009
[2026-10-02 00:32:04.121] [DEBUG] [P24136:T9800] rage perf: pool_dispatch_wait calls=408 avg_ms=0.000 max_ms=0.000
[2026-10-02 00:32:04.121] [DEBUG] [P24136:T9800] rage perf: pool_join_wait calls=408 avg_ms=0.045 max_ms=2.254
[2026-10-02 00:32:04.594] [DEBUG] [P24136:T30956] [rage-contact:v2] sample=2 patch=contact-v2 compiled=Oct  2 2026 00:25:23 records_before=2 records_after=2 hits_ptr_changed=0 surfaces_ptr_changed=0 start=(1027.855,-1085.265,-199.660) end=(62.746,-1551.501,-110.800)
[2026-10-02 00:32:04.594] [DEBUG] [P24136:T30956] [rage-contact:v2] sample=2 role=target entity=000005CE125F1000 identity=000005CD4CB9BF38 readable=1 raw=01d081b5 flags=00000000 normalized=01d081b5 strict_raw=000005CE125F1000 strict_normalized=000005CE125F1000
[2026-10-02 00:32:04.594] [DEBUG] [P24136:T30956] [rage-contact:v2] sample=2 role=local entity=000005CDD30E5800 identity=000005CD4CB9B678 readable=1 raw=000901a1 flags=00000000 normalized=000901a1 strict_raw=000005CDD30E5800 strict_normalized=000005CDD30E5800
[2026-10-02 00:32:04.594] [DEBUG] [P24136:T30956] [rage-contact:v2] sample=2 record=0 damage=27.3714 enter=0.000000 exit=0.126291 team=4 enter_ix=0000 exit_ix=0000 bits=00
[2026-10-02 00:32:04.594] [DEBUG] [P24136:T30956] [rage-contact:v2] sample=2 record=0 token_2c=00008000 strict=000005CDDA22A800 by_index=000005CDDA22A800 slot_raw=00008000 slot_flags=00000000 slot_normalized=00008000 owner=ffffffff owner_strict=0000000000000000 owner_by_index=0000000000000000
[2026-10-02 00:32:04.594] [DEBUG] [P24136:T30956] [rage-contact:v2] sample=2 record=0 raw14=3ea1ebf0 3f72dc5b 00000000 3e01525e da3bdb00 000005cd daf037c0 000005cd ffffffff 00010465 ffffffff 00008000 0000002e 00000000
[2026-10-02 00:32:04.594] [DEBUG] [P24136:T30956] [rage-contact:v2] sample=2 record=1 damage=0.0000 enter=0.126291 exit=1.000000 team=4 enter_ix=0000 exit_ix=0001 bits=01
[2026-10-02 00:32:04.594] [DEBUG] [P24136:T30956] [rage-contact:v2] sample=2 record=1 token_2c=00008000 strict=000005CDDA22A800 by_index=000005CDDA22A800 slot_raw=00008000 slot_flags=00000000 slot_normalized=00008000 owner=ffffffff owner_strict=0000000000000000 owner_by_index=0000000000000000
[2026-10-02 00:32:04.594] [DEBUG] [P24136:T30956] [rage-contact:v2] sample=2 record=1 raw14=3ea1ebf0 3f72dc5b 00000000 3e01525e da3bdb00 000005cd daf037c0 000005cd ffffffff 00010465 ffffffff 00008000 0000002e 00000000
[2026-10-02 00:32:04.689] [DEBUG] [P24136:T9800] [rage-shot:v1] shot=32 report=3 suppressed=29 limit=32 tick=1698 stamp=(1699,0.000000) record_tick=1696 target=5ce125f1000 item=4 no_spread=1 forced=0 hc=1.00000 required_hc=0.00000 scan_damage=-nan hitgroup=1 history=1 attack=1 command_aim=(-4.6048,-154.2554,76.5613)
[2026-10-02 00:32:04.689] [DEBUG] [P24136:T9800] [rage-shot:v1] shot=32 phase=scan method=geometry segment=0 count=2 target_fraction=0.2577233 target_distance=1055.635 range=4096.000 first_boundary=0.7710531 first_boundary_distance=3158.234 relation=inside damage_raw=25.3737 damage_scaled=-nan visibility_blocked=1 start=(1006.361,-1090.985,-199.699) requested_end=(56.970,-1549.367,-110.237)
[2026-10-02 00:32:04.689] [DEBUG] [P24136:T9800] [rage-shot:v1] shot=32 phase=scan role=previous present=0 index=-1 enter=0.0000000 exit=0.0000000 damage=0.0000 team_raw=0 enter_ix=0000 exit_ix=0000 flags_raw=00 target_minus_enter=0.2577233 exit_minus_target=-0.2577233
[2026-10-02 00:32:04.689] [DEBUG] [P24136:T9800] [rage-shot:v1] shot=32 phase=scan role=chosen present=1 index=0 enter=0.0000000 exit=0.7710531 damage=25.3737 team_raw=4 enter_ix=8000 exit_ix=0000 flags_raw=f8 target_minus_enter=0.2577233 exit_minus_target=0.5133298
[2026-10-02 00:32:04.689] [DEBUG] [P24136:T9800] [rage-shot:v1] shot=32 phase=scan role=next present=1 index=1 enter=0.7710531 exit=1.0000000 damage=0.0000 team_raw=4 enter_ix=8000 exit_ix=0000 flags_raw=f9 target_minus_enter=-0.5133298 exit_minus_target=0.7422767
[2026-10-02 00:32:04.689] [DEBUG] [P24136:T9800] [rage-shot:v1] shot=32 phase=final-no-spread method=geometry segment=0 count=2 target_fraction=0.2579009 target_distance=1056.362 range=4096.000 first_boundary=0.7709836 first_boundary_distance=3157.949 relation=inside damage_raw=25.3754 damage_scaled=-nan visibility_blocked=1 start=(1006.361,-1090.985,-199.699) requested_end=(-2670.453,-2864.038,138.731)
[2026-10-02 00:32:04.689] [DEBUG] [P24136:T9800] [rage-shot:v1] shot=32 phase=final-no-spread role=previous present=0 index=-1 enter=0.0000000 exit=0.0000000 damage=0.0000 team_raw=0 enter_ix=0000 exit_ix=0000 flags_raw=00 target_minus_enter=0.2579009 exit_minus_target=-0.2579009
[2026-10-02 00:32:04.689] [DEBUG] [P24136:T9800] [rage-shot:v1] shot=32 phase=final-no-spread role=chosen present=1 index=0 enter=0.0000000 exit=0.7709836 damage=25.3754 team_raw=4 enter_ix=8000 exit_ix=0000 flags_raw=b6 target_minus_enter=0.2579009 exit_minus_target=0.5130827
[2026-10-02 00:32:04.689] [DEBUG] [P24136:T9800] [rage-shot:v1] shot=32 phase=final-no-spread role=next present=1 index=1 enter=0.7709836 exit=1.0000000 damage=0.0000 team_raw=4 enter_ix=8000 exit_ix=0000 flags_raw=b7 target_minus_enter=-0.5130827 exit_minus_target=0.7420991
[2026-10-02 00:32:05.800] [DEBUG] [P24136:T9800] [rage-shot:v1] shot=53 report=4 suppressed=49 limit=32 tick=1756 stamp=(1756,0.000000) record_tick=1754 target=5ce125f1000 item=4 no_spread=1 forced=0 hc=1.00000 required_hc=0.00000 scan_damage=-nan hitgroup=1 history=1 attack=1 command_aim=(-5.7245,-151.2986,143.3956)
[2026-10-02 00:32:05.800] [DEBUG] [P24136:T9800] [rage-shot:v1] shot=53 phase=scan method=geometry segment=0 count=2 target_fraction=0.2087066 target_distance=854.862 range=4096.000 first_boundary=0.6540281 first_boundary_distance=2678.899 relation=inside damage_raw=27.3082 damage_scaled=-nan visibility_blocked=1 start=(796.328,-1144.864,-198.945) requested_end=(48.451,-1554.651,-111.517)
[2026-10-02 00:32:05.800] [DEBUG] [P24136:T9800] [rage-shot:v1] shot=53 phase=scan role=previous present=0 index=-1 enter=0.0000000 exit=0.0000000 damage=0.0000 team_raw=0 enter_ix=0000 exit_ix=0000 flags_raw=00 target_minus_enter=0.2087066 exit_minus_target=-0.2087066
[2026-10-02 00:32:05.800] [DEBUG] [P24136:T9800] [rage-shot:v1] shot=53 phase=scan role=chosen present=1 index=0 enter=0.0000000 exit=0.6540281 damage=27.3082 team_raw=4 enter_ix=0000 exit_ix=0000 flags_raw=34 target_minus_enter=0.2087066 exit_minus_target=0.4453216
[2026-10-02 00:32:05.800] [DEBUG] [P24136:T9800] [rage-shot:v1] shot=53 phase=scan role=next present=1 index=1 enter=0.6540281 exit=1.0000000 damage=0.0000 team_raw=4 enter_ix=0000 exit_ix=0000 flags_raw=35 target_minus_enter=-0.4453216 exit_minus_target=0.7912934
[2026-10-02 00:32:05.800] [DEBUG] [P24136:T9800] [rage-shot:v1] shot=53 phase=final-no-spread method=geometry segment=0 count=2 target_fraction=0.2087816 target_distance=855.169 range=4096.000 first_boundary=0.6539591 first_boundary_distance=2678.616 relation=inside damage_raw=27.3090 damage_scaled=-nan visibility_blocked=1 start=(796.328,-1144.864,-198.945) requested_end=(-2778.142,-3101.939,213.650)
[2026-10-02 00:32:05.800] [DEBUG] [P24136:T9800] [rage-shot:v1] shot=53 phase=final-no-spread role=previous present=0 index=-1 enter=0.0000000 exit=0.0000000 damage=0.0000 team_raw=0 enter_ix=0000 exit_ix=0000 flags_raw=00 target_minus_enter=0.2087816 exit_minus_target=-0.2087816
[2026-10-02 00:32:05.800] [DEBUG] [P24136:T9800] [rage-shot:v1] shot=53 phase=final-no-spread role=chosen present=1 index=0 enter=0.0000000 exit=0.6539591 damage=27.3090 team_raw=4 enter_ix=0000 exit_ix=0000 flags_raw=6c target_minus_enter=0.2087816 exit_minus_target=0.4451775
[2026-10-02 00:32:05.800] [DEBUG] [P24136:T9800] [rage-shot:v1] shot=53 phase=final-no-spread role=next present=1 index=1 enter=0.6539591 exit=1.0000000 damage=0.0000 team_raw=4 enter_ix=0000 exit_ix=0000 flags_raw=6d target_minus_enter=-0.4451775 exit_minus_target=0.7912184
[2026-10-02 00:32:05.877] [DEBUG] [P24136:T31896] [config] settings saved to the active profile
[2026-10-02 00:32:06.604] [DEBUG] [P24136:T10980] [rage-contact:v2] sample=3 patch=contact-v2 compiled=Oct  2 2026 00:25:23 records_before=2 records_after=2 hits_ptr_changed=0 surfaces_ptr_changed=0 start=(696.588,-1316.492,-199.555) end=(-164.207,-1739.500,-104.337)
[2026-10-02 00:32:06.605] [DEBUG] [P24136:T10980] [rage-contact:v2] sample=3 role=target entity=000005CE13885800 identity=000005CD4CB9CA28 readable=1 raw=00e481ce flags=00000000 normalized=00e481ce strict_raw=000005CE13885800 strict_normalized=000005CE13885800
[2026-10-02 00:32:06.605] [DEBUG] [P24136:T10980] [rage-contact:v2] sample=3 role=local entity=000005CDD30E5800 identity=000005CD4CB9B678 readable=1 raw=000901a1 flags=00000000 normalized=000901a1 strict_raw=000005CDD30E5800 strict_normalized=000005CDD30E5800
[2026-10-02 00:32:06.605] [DEBUG] [P24136:T10980] [rage-contact:v2] sample=3 record=0 damage=28.3794 enter=0.000000 exit=0.091208 team=4 enter_ix=0000 exit_ix=0000 bits=00
[2026-10-02 00:32:06.605] [DEBUG] [P24136:T10980] [rage-contact:v2] sample=3 record=0 token_2c=00008000 strict=000005CDDA22A800 by_index=000005CDDA22A800 slot_raw=00008000 slot_flags=00000000 slot_normalized=00008000 owner=ffffffff owner_strict=0000000000000000 owner_by_index=0000000000000000
[2026-10-02 00:32:06.605] [DEBUG] [P24136:T10980] [rage-contact:v2] sample=3 record=0 raw14=3f7fffff 00000000 00000000 3dbacb83 da3bdb00 000005cd daf037c0 000005cd ffffffff 00010264 ffffffff 00008000 00000030 00000000
[2026-10-02 00:32:06.605] [DEBUG] [P24136:T10980] [rage-contact:v2] sample=3 record=1 damage=0.0000 enter=0.091208 exit=1.000000 team=4 enter_ix=0000 exit_ix=0001 bits=01
[2026-10-02 00:32:06.605] [DEBUG] [P24136:T10980] [rage-contact:v2] sample=3 record=1 token_2c=00008000 strict=000005CDDA22A800 by_index=000005CDDA22A800 slot_raw=00008000 slot_flags=00000000 slot_normalized=00008000 owner=ffffffff owner_strict=0000000000000000 owner_by_index=0000000000000000
[2026-10-02 00:32:06.605] [DEBUG] [P24136:T10980] [rage-contact:v2] sample=3 record=1 raw14=3f7fffff 00000000 00000000 3dbacb83 da3bdb00 000005cd daf037c0 000005cd ffffffff 00010264 ffffffff 00008000 00000030 00000000
[2026-10-02 00:32:06.850] [DEBUG] [P24136:T9800] [rage-shot:v1] shot=67 report=5 suppressed=62 limit=32 tick=1829 stamp=(1830,0.000000) record_tick=1827 target=5ce125f1000 item=4 no_spread=1 forced=0 hc=1.00000 required_hc=0.00000 scan_damage=-nan hitgroup=3 history=1 attack=1 command_aim=(-4.6843,-162.3111,-63.7244)
[2026-10-02 00:32:06.850] [DEBUG] [P24136:T9800] [rage-shot:v1] shot=67 phase=scan method=geometry segment=0 count=2 target_fraction=0.2034558 target_distance=833.355 range=4096.000 first_boundary=0.4903581 first_boundary_distance=2008.507 relation=inside damage_raw=28.5983 damage_scaled=-nan visibility_blocked=1 start=(683.826,-1371.479,-199.525) requested_end=(-109.678,-1624.027,-132.525)
[2026-10-02 00:32:06.850] [DEBUG] [P24136:T9800] [rage-shot:v1] shot=67 phase=scan role=previous present=0 index=-1 enter=0.0000000 exit=0.0000000 damage=0.0000 team_raw=0 enter_ix=0000 exit_ix=0000 flags_raw=00 target_minus_enter=0.2034558 exit_minus_target=-0.2034558
[2026-10-02 00:32:06.850] [DEBUG] [P24136:T9800] [rage-shot:v1] shot=67 phase=scan role=chosen present=1 index=0 enter=0.0000000 exit=0.4903581 damage=28.5983 team_raw=4 enter_ix=0000 exit_ix=0000 flags_raw=6a target_minus_enter=0.2034558 exit_minus_target=0.2869023
[2026-10-02 00:32:06.850] [DEBUG] [P24136:T9800] [rage-shot:v1] shot=67 phase=scan role=next present=1 index=1 enter=0.4903581 exit=1.0000000 damage=0.0000 team_raw=4 enter_ix=0000 exit_ix=0001 flags_raw=6b target_minus_enter=-0.2869023 exit_minus_target=0.7965442
[2026-10-02 00:32:06.850] [DEBUG] [P24136:T9800] [rage-shot:v1] shot=67 phase=final-no-spread method=geometry segment=0 count=2 target_fraction=0.2037295 target_distance=834.476 range=4096.000 first_boundary=0.4900659 first_boundary_distance=2007.310 relation=inside damage_raw=28.5999 damage_scaled=-nan visibility_blocked=1 start=(683.826,-1371.479,-199.525) requested_end=(-3204.864,-2611.686,142.818)
[2026-10-02 00:32:06.850] [DEBUG] [P24136:T9800] [rage-shot:v1] shot=67 phase=final-no-spread role=previous present=0 index=-1 enter=0.0000000 exit=0.0000000 damage=0.0000 team_raw=0 enter_ix=0000 exit_ix=0000 flags_raw=00 target_minus_enter=0.2037295 exit_minus_target=-0.2037295
[2026-10-02 00:32:06.850] [DEBUG] [P24136:T9800] [rage-shot:v1] shot=67 phase=final-no-spread role=chosen present=1 index=0 enter=0.0000000 exit=0.4900659 damage=28.5999 team_raw=4 enter_ix=0000 exit_ix=0000 flags_raw=a0 target_minus_enter=0.2037295 exit_minus_target=0.2863364
[2026-10-02 00:32:06.850] [DEBUG] [P24136:T9800] [rage-shot:v1] shot=67 phase=final-no-spread role=next present=1 index=1 enter=0.4900659 exit=1.0000000 damage=0.0000 team_raw=4 enter_ix=0000 exit_ix=0002 flags_raw=a1 target_minus_enter=-0.2863364 exit_minus_target=0.7962705
[2026-10-02 00:32:06.907] [WARN ] [P24136:T9800] [fsn-diag] stage=10 ctlptr=0x7ffccbe88008 ctl=0x5cde85cc400 shutdown=0
[2026-10-02 00:32:07.477] [WARN ] [P24136:T9800] [local-diag] ctl=0x5cde85cc400 elist=0x5cd2f440000 empty=0 off_pawn=1724 off_hp=844 off_team=999 pawn_h=0x901a1 pawn=0x5cdd30e5800 hp=100 vm=0x7ffccbeb6910 gv=0x7ffccbb7be98
[2026-10-02 00:32:07.569] [DEBUG] [P24136:T9800] [rage-eye:v3] source=current-eye native=(nan,nan,nan) eye=(639.096,-1530.642,-199.993) selected=(639.096,-1530.642,-199.993)
[2026-10-02 00:32:07.946] [DEBUG] [P24136:T9800] [rage-shot:v1] shot=79 report=6 suppressed=73 limit=32 tick=1899 stamp=(1899,0.000000) record_tick=1897 target=5ce13885800 item=4 no_spread=1 forced=0 hc=1.00000 required_hc=0.00000 scan_damage=-nan hitgroup=4 history=1 attack=1 command_aim=(-4.3668,-169.5854,-95.6842)
[2026-10-02 00:32:07.946] [DEBUG] [P24136:T9800] [rage-shot:v1] shot=79 phase=scan method=geometry segment=0 count=2 target_fraction=0.2403193 target_distance=984.348 range=4096.000 first_boundary=0.6318786 first_boundary_distance=2588.175 relation=inside damage_raw=27.5454 damage_scaled=-nan visibility_blocked=1 start=(574.911,-1583.221,-200.000) requested_end=(-404.308,-1762.704,-119.068)
[2026-10-02 00:32:07.946] [DEBUG] [P24136:T9800] [rage-shot:v1] shot=79 phase=scan role=previous present=0 index=-1 enter=0.0000000 exit=0.0000000 damage=0.0000 team_raw=0 enter_ix=0000 exit_ix=0000 flags_raw=00 target_minus_enter=0.2403193 exit_minus_target=-0.2403193
[2026-10-02 00:32:07.946] [DEBUG] [P24136:T9800] [rage-shot:v1] shot=79 phase=scan role=chosen present=1 index=0 enter=0.0000000 exit=0.6318786 damage=27.5454 team_raw=4 enter_ix=8000 exit_ix=0000 flags_raw=46 target_minus_enter=0.2403193 exit_minus_target=0.3915594
[2026-10-02 00:32:07.946] [DEBUG] [P24136:T9800] [rage-shot:v1] shot=79 phase=scan role=next present=1 index=1 enter=0.6318786 exit=1.0000000 damage=0.0000 team_raw=4 enter_ix=8000 exit_ix=0002 flags_raw=47 target_minus_enter=-0.3915594 exit_minus_target=0.7596807
[2026-10-02 00:32:07.946] [DEBUG] [P24136:T9800] [rage-shot:v1] shot=79 phase=final-no-spread method=geometry segment=0 count=2 target_fraction=0.2399178 target_distance=982.703 range=4096.000 first_boundary=0.6298261 first_boundary_distance=2579.768 relation=inside damage_raw=27.5660 damage_scaled=-nan visibility_blocked=1 start=(574.911,-1583.221,-200.000) requested_end=(-3442.117,-2317.884,117.750)
[2026-10-02 00:32:07.946] [DEBUG] [P24136:T9800] [rage-shot:v1] shot=79 phase=final-no-spread role=previous present=0 index=-1 enter=0.0000000 exit=0.0000000 damage=0.0000 team_raw=0 enter_ix=0000 exit_ix=0000 flags_raw=00 target_minus_enter=0.2399178 exit_minus_target=-0.2399178
[2026-10-02 00:32:07.946] [DEBUG] [P24136:T9800] [rage-shot:v1] shot=79 phase=final-no-spread role=chosen present=1 index=0 enter=0.0000000 exit=0.6298261 damage=27.5660 team_raw=4 enter_ix=0000 exit_ix=0000 flags_raw=74 target_minus_enter=0.2399178 exit_minus_target=0.3899083
[2026-10-02 00:32:07.946] [DEBUG] [P24136:T9800] [rage-shot:v1] shot=79 phase=final-no-spread role=next present=1 index=1 enter=0.6298261 exit=1.0000000 damage=0.0000 team_raw=4 enter_ix=0000 exit_ix=0002 flags_raw=75 target_minus_enter=-0.3899083 exit_minus_target=0.7600822
[2026-10-02 00:32:08.605] [DEBUG] [P24136:T31848] [rage-contact:v2] sample=4 patch=contact-v2 compiled=Oct  2 2026 00:25:23 records_before=2 records_after=2 hits_ptr_changed=0 surfaces_ptr_changed=0 start=(439.290,-1550.959,-173.639) end=(-295.350,-1848.557,-111.902)
[2026-10-02 00:32:08.605] [DEBUG] [P24136:T31848] [rage-contact:v2] sample=4 role=target entity=000005CE13885800 identity=000005CD4CB9CA28 readable=1 raw=00e481ce flags=00000000 normalized=00e481ce strict_raw=000005CE13885800 strict_normalized=000005CE13885800
[2026-10-02 00:32:08.605] [DEBUG] [P24136:T31848] [rage-contact:v2] sample=4 role=local entity=000005CDD30E5800 identity=000005CD4CB9B678 readable=1 raw=000901a1 flags=00000000 normalized=000901a1 strict_raw=000005CDD30E5800 strict_normalized=000005CDD30E5800
[2026-10-02 00:32:08.605] [DEBUG] [P24136:T31848] [rage-contact:v2] sample=4 record=0 damage=28.2061 enter=0.000000 exit=0.123579 team=4 enter_ix=0000 exit_ix=0000 bits=00
[2026-10-02 00:32:08.605] [DEBUG] [P24136:T31848] [rage-contact:v2] sample=4 record=0 token_2c=00008000 strict=000005CDDA22A800 by_index=000005CDDA22A800 slot_raw=00008000 slot_flags=00000000 slot_normalized=00008000 owner=ffffffff owner_strict=0000000000000000 owner_by_index=0000000000000000
[2026-10-02 00:32:08.605] [DEBUG] [P24136:T31848] [rage-contact:v2] sample=4 record=0 raw14=3f800000 00000000 00000000 3dfd1710 da3bdb00 000005cd daf037c0 000005cd ffffffff 0000f4b5 ffffffff 00008000 0000002e 00000000
[2026-10-02 00:32:08.605] [DEBUG] [P24136:T31848] [rage-contact:v2] sample=4 record=1 damage=0.0000 enter=0.123579 exit=1.000000 team=4 enter_ix=0000 exit_ix=0001 bits=01
[2026-10-02 00:32:08.605] [DEBUG] [P24136:T31848] [rage-contact:v2] sample=4 record=1 token_2c=00008000 strict=000005CDDA22A800 by_index=000005CDDA22A800 slot_raw=00008000 slot_flags=00000000 slot_normalized=00008000 owner=ffffffff owner_strict=0000000000000000 owner_by_index=0000000000000000
[2026-10-02 00:32:08.605] [DEBUG] [P24136:T31848] [rage-contact:v2] sample=4 record=1 raw14=3f800000 00000000 00000000 3dfd1710 da3bdb00 000005cd daf037c0 000005cd ffffffff 0000f4b5 ffffffff 00008000 0000002e 00000000
[2026-10-02 00:32:09.067] [DEBUG] [P24136:T9800] [rage-shot:v1] shot=91 report=7 suppressed=84 limit=32 tick=1970 stamp=(1969,0.000000) record_tick=1969 target=5ce1217c000 item=4 no_spread=1 forced=0 hc=1.00000 required_hc=0.00000 scan_damage=-nan hitgroup=1 history=1 attack=1 command_aim=(-1.2107,-165.9776,178.6351)
[2026-10-02 00:32:09.067] [DEBUG] [P24136:T9800] [rage-shot:v1] shot=91 phase=scan method=contact segment=0 count=4 target_fraction=0.2178115 target_distance=892.156 range=4096.000 first_boundary=0.6556494 first_boundary_distance=2685.540 relation=inside damage_raw=22.4482 damage_scaled=-nan visibility_blocked=1 start=(339.811,-1521.812,-123.902) requested_end=(-528.085,-1738.132,-114.789)
[2026-10-02 00:32:09.067] [DEBUG] [P24136:T9800] [rage-shot:v1] shot=91 phase=scan role=previous present=0 index=-1 enter=0.0000000 exit=0.0000000 damage=0.0000 team_raw=0 enter_ix=0000 exit_ix=0000 flags_raw=00 target_minus_enter=0.2178115 exit_minus_target=-0.2178115
[2026-10-02 00:32:09.067] [DEBUG] [P24136:T9800] [rage-shot:v1] shot=91 phase=scan role=chosen present=1 index=0 enter=0.0000000 exit=0.6556494 damage=22.4482 team_raw=4 enter_ix=0000 exit_ix=0000 flags_raw=00 target_minus_enter=0.2178115 exit_minus_target=0.4378379
[2026-10-02 00:32:09.067] [DEBUG] [P24136:T9800] [rage-shot:v1] shot=91 phase=scan role=next present=1 index=1 enter=0.6556494 exit=0.6591038 damage=5.3336 team_raw=3 enter_ix=0000 exit_ix=0001 flags_raw=01 target_minus_enter=-0.4378379 exit_minus_target=0.4412923
[2026-10-02 00:32:09.067] [DEBUG] [P24136:T9800] [rage-shot:v1] shot=91 phase=final-no-spread method=contact segment=0 count=4 target_fraction=0.2173856 target_distance=890.412 range=4096.000 first_boundary=0.6540130 first_boundary_distance=2678.837 relation=inside damage_raw=22.4606 damage_scaled=-nan visibility_blocked=1 start=(339.811,-1521.812,-123.902) requested_end=(-3631.710,-2522.204,-65.114)
[2026-10-02 00:32:09.067] [DEBUG] [P24136:T9800] [rage-shot:v1] shot=91 phase=final-no-spread role=previous present=0 index=-1 enter=0.0000000 exit=0.0000000 damage=0.0000 team_raw=0 enter_ix=0000 exit_ix=0000 flags_raw=00 target_minus_enter=0.2173856 exit_minus_target=-0.2173856
[2026-10-02 00:32:09.067] [DEBUG] [P24136:T9800] [rage-shot:v1] shot=91 phase=final-no-spread role=chosen present=1 index=0 enter=0.0000000 exit=0.6540130 damage=22.4606 team_raw=4 enter_ix=0000 exit_ix=0000 flags_raw=00 target_minus_enter=0.2173856 exit_minus_target=0.4366273
[2026-10-02 00:32:09.067] [DEBUG] [P24136:T9800] [rage-shot:v1] shot=91 phase=final-no-spread role=next present=1 index=1 enter=0.6540130 exit=0.6595292 damage=3.7554 team_raw=3 enter_ix=0000 exit_ix=0001 flags_raw=01 target_minus_enter=-0.4366273 exit_minus_target=0.4421436
[2026-10-02 00:32:09.124] [DEBUG] [P24136:T9800] [rage-diag:pipeline] entry=866 gun_calls=312 targets=1154 no_targets=0 scan_empty=0 scan_nonempty=312 scan_hits=35044 selection=312 selected=312 fire_calls=312 attack_set=65 fire_abort_viewangles=0 fire_history_pushed=0 fire_history_missing=0 gate_inactive=0 gate_no_enemies=0 gate_disabled=0 gate_cannot_shoot=554
[2026-10-02 00:32:09.124] [DEBUG] [P24136:T9800] [rage-diag:scan] prepare_calls=3002 prepare_invalid=0 prepare_fov=0 prepare_geometry=0 prepared_points=55092 points=55092 invalid_hitbox=0 fov=0 budget=5536 penetration_failed=14452 damage=0 headgroup=60 accepted=35044
[2026-10-02 00:32:09.124] [DEBUG] [P24136:T9800] [rage-diag:penetration] pen_calls=49638 no_weapon_damage=0 tls_failed=0 invalid_filter=0 no_trace_hits=0 contacts=104748 damage_exhausted=54998 contact_mismatch=51283 no_target_hit=14459 geometry_miss=0 pen_success=35179 pen_contact_accept=4018 pen_geometry_accept=31161
[2026-10-02 00:32:09.124] [DEBUG] [P24136:T9800] [rage-diag:config] patch=scan-v1 item=4 no_spread=1 max_fov=180.00 min_damage=34.00 damage_override=0 override_value=11.00 weapon_damage=30.00 range=4096.00 penetration=1.00 range_modifier=0.8500
[2026-10-02 00:32:09.125] [DEBUG] [P24136:T9800] rage perf: rage_total calls=866 avg_ms=0.310 max_ms=1.866
[2026-10-02 00:32:09.125] [DEBUG] [P24136:T9800] rage perf: gather calls=312 avg_ms=0.068 max_ms=0.476
[2026-10-02 00:32:09.125] [DEBUG] [P24136:T9800] rage perf: prepare_scan calls=3002 avg_ms=0.004 max_ms=0.324
[2026-10-02 00:32:09.125] [DEBUG] [P24136:T9800] rage perf: scan_batch calls=1236 avg_ms=0.143 max_ms=0.753
[2026-10-02 00:32:09.125] [DEBUG] [P24136:T9800] rage perf: selection calls=312 avg_ms=0.006 max_ms=0.125
[2026-10-02 00:32:09.125] [DEBUG] [P24136:T9800] rage perf: pool_dispatch_wait calls=1236 avg_ms=0.000 max_ms=0.001
[2026-10-02 00:32:09.125] [DEBUG] [P24136:T9800] rage perf: pool_join_wait calls=1236 avg_ms=0.034 max_ms=0.578
[2026-10-02 00:32:10.083] [DEBUG] [P24136:T9800] [rage-shot:v1] shot=112 report=8 suppressed=104 limit=32 tick=2036 stamp=(2036,0.000000) record_tick=2034 target=5ce13885800 item=4 no_spread=1 forced=0 hc=1.00000 required_hc=0.00000 scan_damage=-nan hitgroup=1 history=1 attack=1 command_aim=(-0.6340,-118.8852,55.7452)
[2026-10-02 00:32:10.084] [DEBUG] [P24136:T9800] [rage-shot:v1] shot=112 phase=scan method=geometry segment=0 count=6 target_fraction=0.1233911 target_distance=505.410 range=4096.000 first_boundary=0.2634876 first_boundary_distance=1079.245 relation=inside damage_raw=27.6952 damage_scaled=-nan visibility_blocked=1 start=(136.436,-1560.158,-111.950) requested_end=(-108.823,-2004.716,-104.086)
[2026-10-02 00:32:10.084] [DEBUG] [P24136:T9800] [rage-shot:v1] shot=112 phase=scan role=previous present=0 index=-1 enter=0.0000000 exit=0.0000000 damage=0.0000 team_raw=0 enter_ix=0000 exit_ix=0000 flags_raw=00 target_minus_enter=0.1233911 exit_minus_target=-0.1233911
[2026-10-02 00:32:10.084] [DEBUG] [P24136:T9800] [rage-shot:v1] shot=112 phase=scan role=chosen present=1 index=0 enter=0.0000000 exit=0.2634876 damage=27.6952 team_raw=4 enter_ix=0000 exit_ix=0000 flags_raw=00 target_minus_enter=0.1233911 exit_minus_target=0.1400965
[2026-10-02 00:32:10.084] [DEBUG] [P24136:T9800] [rage-shot:v1] shot=112 phase=scan role=next present=1 index=1 enter=0.2634876 exit=0.2696196 damage=19.0590 team_raw=3 enter_ix=0000 exit_ix=0001 flags_raw=01 target_minus_enter=-0.1400965 exit_minus_target=0.1462286
[2026-10-02 00:32:10.084] [DEBUG] [P24136:T9800] [rage-shot:v1] shot=112 phase=final-no-spread method=geometry segment=0 count=6 target_fraction=0.1233927 target_distance=505.417 range=4096.000 first_boundary=0.2634876 first_boundary_distance=1079.245 relation=inside damage_raw=27.6952 damage_scaled=-nan visibility_blocked=1 start=(136.436,-1560.158,-111.950) requested_end=(-1841.923,-5146.143,-48.516)
[2026-10-02 00:32:10.084] [DEBUG] [P24136:T9800] [rage-shot:v1] shot=112 phase=final-no-spread role=previous present=0 index=-1 enter=0.0000000 exit=0.0000000 damage=0.0000 team_raw=0 enter_ix=0000 exit_ix=0000 flags_raw=00 target_minus_enter=0.1233927 exit_minus_target=-0.1233927
[2026-10-02 00:32:10.084] [DEBUG] [P24136:T9800] [rage-shot:v1] shot=112 phase=final-no-spread role=chosen present=1 index=0 enter=0.0000000 exit=0.2634876 damage=27.6952 team_raw=4 enter_ix=0000 exit_ix=0000 flags_raw=00 target_minus_enter=0.1233927 exit_minus_target=0.1400949
[2026-10-02 00:32:10.084] [DEBUG] [P24136:T9800] [rage-shot:v1] shot=112 phase=final-no-spread role=next present=1 index=1 enter=0.2634876 exit=0.2696198 damage=19.0590 team_raw=3 enter_ix=0000 exit_ix=0001 flags_raw=01 target_minus_enter=-0.1400949 exit_minus_target=0.1462271
[2026-10-02 00:32:11.907] [WARN ] [P24136:T9800] [fsn-diag] stage=11 ctlptr=0x7ffccbe88008 ctl=0x5cde85cc400 shutdown=0
[2026-10-02 00:32:12.482] [WARN ] [P24136:T9800] [local-diag] ctl=0x5cde85cc400 elist=0x5cd2f440000 empty=0 off_pawn=1724 off_hp=844 off_team=999 pawn_h=0x901a1 pawn=0x5cdd30e5800 hp=100 vm=0x7ffccbeb6910 gv=0x7ffccbb7be98
[2026-10-02 00:32:13.016] [DEBUG] [P24136:T9800] [rage-eye:v3] source=current-eye native=(nan,nan,nan) eye=(-385.606,-1974.218,-115.094) selected=(-385.606,-1974.218,-115.094)
[2026-10-02 00:32:13.023] [DEBUG] [P24136:T9800] [rage-shot:v1] shot=125 report=9 suppressed=116 limit=32 tick=2224 stamp=(2224,0.000000) record_tick=2222 target=5ce1217c000 item=4 no_spread=1 forced=0 hc=1.00000 required_hc=0.00000 scan_damage=-nan hitgroup=1 history=1 attack=1 command_aim=(-2.6046,117.0131,0.0000)
[2026-10-02 00:32:13.023] [DEBUG] [P24136:T9800] [rage-shot:v1] shot=125 phase=scan method=contact segment=0 count=4 target_fraction=0.0856319 target_distance=350.748 range=4096.000 first_boundary=0.1072377 first_boundary_distance=439.245 relation=inside damage_raw=26.7676 damage_scaled=-nan visibility_blocked=1 start=(-385.601,-1974.249,-115.049) requested_end=(-546.589,-1659.974,-107.195)
[2026-10-02 00:32:13.023] [DEBUG] [P24136:T9800] [rage-shot:v1] shot=125 phase=scan role=previous present=0 index=-1 enter=0.0000000 exit=0.0000000 damage=0.0000 team_raw=0 enter_ix=0000 exit_ix=0000 flags_raw=00 target_minus_enter=0.0856319 exit_minus_target=-0.0856319
[2026-10-02 00:32:13.023] [DEBUG] [P24136:T9800] [rage-shot:v1] shot=125 phase=scan role=chosen present=1 index=0 enter=0.0000000 exit=0.1072377 damage=26.7676 team_raw=4 enter_ix=0000 exit_ix=0000 flags_raw=00 target_minus_enter=0.0856319 exit_minus_target=0.0216058
[2026-10-02 00:32:13.023] [DEBUG] [P24136:T9800] [rage-shot:v1] shot=125 phase=scan role=next present=1 index=1 enter=0.1072377 exit=0.1086758 damage=8.9604 team_raw=3 enter_ix=0000 exit_ix=0001 flags_raw=01 target_minus_enter=-0.0216058 exit_minus_target=0.0230440
[2026-10-02 00:32:13.023] [DEBUG] [P24136:T9800] [rage-shot:v1] shot=125 phase=final-no-spread method=contact segment=0 count=4 target_fraction=0.0855392 target_distance=350.369 range=4096.000 first_boundary=0.1142116 first_boundary_distance=467.811 relation=inside damage_raw=26.7709 damage_scaled=-nan visibility_blocked=1 start=(-385.601,-1974.249,-115.049) requested_end=(-2323.717,1632.760,-13.032)
[2026-10-02 00:32:13.024] [DEBUG] [P24136:T9800] [rage-shot:v1] shot=125 phase=final-no-spread role=previous present=0 index=-1 enter=0.0000000 exit=0.0000000 damage=0.0000 team_raw=0 enter_ix=0000 exit_ix=0000 flags_raw=00 target_minus_enter=0.0855392 exit_minus_target=-0.0855392
[2026-10-02 00:32:13.024] [DEBUG] [P24136:T9800] [rage-shot:v1] shot=125 phase=final-no-spread role=chosen present=1 index=0 enter=0.0000000 exit=0.1142116 damage=26.7709 team_raw=4 enter_ix=0000 exit_ix=0000 flags_raw=00 target_minus_enter=0.0855392 exit_minus_target=0.0286724
[2026-10-02 00:32:13.024] [DEBUG] [P24136:T9800] [rage-shot:v1] shot=125 phase=final-no-spread role=next present=1 index=1 enter=0.1142116 exit=0.1161444 damage=8.3598 team_raw=3 enter_ix=0000 exit_ix=0001 flags_raw=01 target_minus_enter=-0.0286724 exit_minus_target=0.0306052
[2026-10-02 00:32:14.055] [DEBUG] [P24136:T9800] [rage-shot:v1] shot=152 report=10 suppressed=142 limit=32 tick=2290 stamp=(2291,0.000000) record_tick=2288 target=5ce1217c000 item=4 no_spread=1 forced=0 hc=1.00000 required_hc=0.00000 scan_damage=-nan hitgroup=1 history=1 attack=1 command_aim=(0.6119,144.6320,-173.8445)
[2026-10-02 00:32:14.055] [DEBUG] [P24136:T9800] [rage-shot:v1] shot=152 phase=scan method=contact segment=0 count=4 target_fraction=0.0973664 target_distance=398.813 range=4096.000 first_boundary=0.3335125 first_boundary_distance=1366.067 relation=inside damage_raw=26.3527 damage_scaled=-nan visibility_blocked=1 start=(-220.224,-1892.563,-104.000) requested_end=(-547.363,-1660.353,-107.840)
[2026-10-02 00:32:14.055] [DEBUG] [P24136:T9800] [rage-shot:v1] shot=152 phase=scan role=previous present=0 index=-1 enter=0.0000000 exit=0.0000000 damage=0.0000 team_raw=0 enter_ix=0000 exit_ix=0000 flags_raw=00 target_minus_enter=0.0973664 exit_minus_target=-0.0973664
[2026-10-02 00:32:14.055] [DEBUG] [P24136:T9800] [rage-shot:v1] shot=152 phase=scan role=chosen present=1 index=0 enter=0.0000000 exit=0.3335125 damage=26.3527 team_raw=4 enter_ix=0000 exit_ix=0000 flags_raw=00 target_minus_enter=0.0973664 exit_minus_target=0.2361461
[2026-10-02 00:32:14.055] [DEBUG] [P24136:T9800] [rage-shot:v1] shot=152 phase=scan role=next present=1 index=1 enter=0.3335125 exit=0.3374195 damage=8.6257 team_raw=3 enter_ix=0000 exit_ix=0001 flags_raw=01 target_minus_enter=-0.2361461 exit_minus_target=0.2400531
[2026-10-02 00:32:14.056] [DEBUG] [P24136:T9800] [rage-shot:v1] shot=152 phase=final-no-spread method=contact segment=0 count=4 target_fraction=0.0973664 target_distance=398.813 range=4096.000 first_boundary=0.3335128 first_boundary_distance=1366.068 relation=inside damage_raw=26.3527 damage_scaled=-nan visibility_blocked=1 start=(-220.224,-1892.563,-104.000) requested_end=(-3560.160,478.198,-143.206)
[2026-10-02 00:32:14.056] [DEBUG] [P24136:T9800] [rage-shot:v1] shot=152 phase=final-no-spread role=previous present=0 index=-1 enter=0.0000000 exit=0.0000000 damage=0.0000 team_raw=0 enter_ix=0000 exit_ix=0000 flags_raw=00 target_minus_enter=0.0973664 exit_minus_target=-0.0973664
[2026-10-02 00:32:14.056] [DEBUG] [P24136:T9800] [rage-shot:v1] shot=152 phase=final-no-spread role=chosen present=1 index=0 enter=0.0000000 exit=0.3335128 damage=26.3527 team_raw=4 enter_ix=0000 exit_ix=0000 flags_raw=00 target_minus_enter=0.0973664 exit_minus_target=0.2361464
[2026-10-02 00:32:14.056] [DEBUG] [P24136:T9800] [rage-shot:v1] shot=152 phase=final-no-spread role=next present=1 index=1 enter=0.3335128 exit=0.3374193 damage=8.6260 team_raw=3 enter_ix=0000 exit_ix=0001 flags_raw=01 target_minus_enter=-0.2361464 exit_minus_target=0.2400529
[2026-10-02 00:32:14.126] [DEBUG] [P24136:T9800] [rage-diag:pipeline] entry=1064 gun_calls=124 targets=355 no_targets=0 scan_empty=0 scan_nonempty=124 scan_hits=19171 selection=124 selected=124 fire_calls=124 attack_set=63 fire_abort_viewangles=0 fire_history_pushed=0 fire_history_missing=0 gate_inactive=0 gate_no_enemies=0 gate_disabled=0 gate_cannot_shoot=940
[2026-10-02 00:32:14.126] [DEBUG] [P24136:T9800] [rage-diag:scan] prepare_calls=1099 prepare_invalid=0 prepare_fov=0 prepare_geometry=0 prepared_points=21474 points=21474 invalid_hitbox=0 fov=0 budget=1634 penetration_failed=310 damage=0 headgroup=359 accepted=19171
[2026-10-02 00:32:14.126] [DEBUG] [P24136:T9800] [rage-diag:penetration] pen_calls=19916 no_weapon_damage=0 tls_failed=0 invalid_filter=0 no_trace_hits=0 contacts=65324 damage_exhausted=10117 contact_mismatch=18001 no_target_hit=312 geometry_miss=0 pen_success=19604 pen_contact_accept=9527 pen_geometry_accept=10077
[2026-10-02 00:32:14.126] [DEBUG] [P24136:T9800] [rage-diag:config] patch=scan-v1 item=4 no_spread=1 max_fov=180.00 min_damage=34.00 damage_override=0 override_value=11.00 weapon_damage=30.00 range=4096.00 penetration=1.00 range_modifier=0.8500
[2026-10-02 00:32:14.126] [DEBUG] [P24136:T9800] rage perf: rage_total calls=1064 avg_ms=0.126 max_ms=1.908
[2026-10-02 00:32:14.126] [DEBUG] [P24136:T9800] rage perf: gather calls=124 avg_ms=0.053 max_ms=0.220
[2026-10-02 00:32:14.126] [DEBUG] [P24136:T9800] rage perf: prepare_scan calls=1099 avg_ms=0.004 max_ms=0.111
[2026-10-02 00:32:14.126] [DEBUG] [P24136:T9800] rage perf: scan_batch calls=496 avg_ms=0.155 max_ms=0.464
[2026-10-02 00:32:14.126] [DEBUG] [P24136:T9800] rage perf: selection calls=124 avg_ms=0.007 max_ms=0.018
[2026-10-02 00:32:14.126] [DEBUG] [P24136:T9800] rage perf: pool_dispatch_wait calls=496 avg_ms=0.000 max_ms=0.001
[2026-10-02 00:32:14.126] [DEBUG] [P24136:T9800] rage perf: pool_join_wait calls=496 avg_ms=0.036 max_ms=0.270
[2026-10-02 00:32:15.115] [DEBUG] [P24136:T9800] [rage-shot:v1] shot=177 report=11 suppressed=166 limit=32 tick=2358 stamp=(2359,0.000000) record_tick=2356 target=5ce0b37e800 item=4 no_spread=1 forced=0 hc=1.00000 required_hc=0.00000 scan_damage=-nan hitgroup=1 history=1 attack=1 command_aim=(3.4614,88.8466,-128.5933)
[2026-10-02 00:32:15.116] [DEBUG] [P24136:T9800] [rage-shot:v1] shot=177 phase=scan method=geometry segment=0 count=2 target_fraction=0.3288380 target_distance=1346.920 range=4096.000 first_boundary=0.6923596 first_boundary_distance=2835.905 relation=inside damage_raw=26.8234 damage_scaled=-nan visibility_blocked=1 start=(-232.599,-1930.445,-104.000) requested_end=(-205.488,-583.798,-182.437)
[2026-10-02 00:32:15.116] [DEBUG] [P24136:T9800] [rage-shot:v1] shot=177 phase=scan role=previous present=0 index=-1 enter=0.0000000 exit=0.0000000 damage=0.0000 team_raw=0 enter_ix=0000 exit_ix=0000 flags_raw=00 target_minus_enter=0.3288380 exit_minus_target=-0.3288380
[2026-10-02 00:32:15.116] [DEBUG] [P24136:T9800] [rage-shot:v1] shot=177 phase=scan role=chosen present=1 index=0 enter=0.0000000 exit=0.6923596 damage=26.8234 team_raw=4 enter_ix=8000 exit_ix=0000 flags_raw=e6 target_minus_enter=0.3288380 exit_minus_target=0.3635216
[2026-10-02 00:32:15.116] [DEBUG] [P24136:T9800] [rage-shot:v1] shot=177 phase=scan role=next present=1 index=1 enter=0.6923596 exit=1.0000000 damage=0.0000 team_raw=4 enter_ix=8000 exit_ix=0002 flags_raw=e7 target_minus_enter=-0.3635216 exit_minus_target=0.6711620
[2026-10-02 00:32:15.116] [DEBUG] [P24136:T9800] [rage-shot:v1] shot=177 phase=final-no-spread method=geometry segment=0 count=2 target_fraction=0.3288310 target_distance=1346.892 range=4096.000 first_boundary=0.6923596 first_boundary_distance=2835.905 relation=inside damage_raw=26.8234 damage_scaled=-nan visibility_blocked=1 start=(-232.599,-1930.445,-104.000) requested_end=(-150.292,2157.799,-342.124)
[2026-10-02 00:32:15.116] [DEBUG] [P24136:T9800] [rage-shot:v1] shot=177 phase=final-no-spread role=previous present=0 index=-1 enter=0.0000000 exit=0.0000000 damage=0.0000 team_raw=0 enter_ix=0000 exit_ix=0000 flags_raw=00 target_minus_enter=0.3288310 exit_minus_target=-0.3288310
[2026-10-02 00:32:15.116] [DEBUG] [P24136:T9800] [rage-shot:v1] shot=177 phase=final-no-spread role=chosen present=1 index=0 enter=0.0000000 exit=0.6923596 damage=26.8234 team_raw=4 enter_ix=8000 exit_ix=0000 flags_raw=e8 target_minus_enter=0.3288310 exit_minus_target=0.3635286
[2026-10-02 00:32:15.116] [DEBUG] [P24136:T9800] [rage-shot:v1] shot=177 phase=final-no-spread role=next present=1 index=1 enter=0.6923596 exit=1.0000000 damage=0.0000 team_raw=4 enter_ix=8000 exit_ix=0002 flags_raw=e9 target_minus_enter=-0.3635286 exit_minus_target=0.6711689
[2026-10-02 00:32:16.133] [DEBUG] [P24136:T9800] [rage-shot:v1] shot=202 report=12 suppressed=190 limit=32 tick=2423 stamp=(2423,0.000000) record_tick=2421 target=5ce0b37e800 item=4 no_spread=1 forced=0 hc=1.00000 required_hc=0.00000 scan_damage=-nan hitgroup=1 history=1 attack=1 command_aim=(0.4592,71.7926,-48.9077)
[2026-10-02 00:32:16.133] [DEBUG] [P24136:T9800] [rage-shot:v1] shot=202 phase=scan method=geometry segment=0 count=2 target_fraction=0.3588695 target_distance=1469.930 range=4096.000 first_boundary=0.7580578 first_boundary_distance=3105.005 relation=inside damage_raw=25.6715 damage_scaled=-nan visibility_blocked=1 start=(-440.211,-1935.371,-116.000) requested_end=(19.818,-536.796,-125.663)
[2026-10-02 00:32:16.133] [DEBUG] [P24136:T9800] [rage-shot:v1] shot=202 phase=scan role=previous present=0 index=-1 enter=0.0000000 exit=0.0000000 damage=0.0000 team_raw=0 enter_ix=0000 exit_ix=0000 flags_raw=00 target_minus_enter=0.3588695 exit_minus_target=-0.3588695
[2026-10-02 00:32:16.133] [DEBUG] [P24136:T9800] [rage-shot:v1] shot=202 phase=scan role=chosen present=1 index=0 enter=0.0000000 exit=0.7580578 damage=25.6715 team_raw=4 enter_ix=8000 exit_ix=0000 flags_raw=60 target_minus_enter=0.3588695 exit_minus_target=0.3991883
[2026-10-02 00:32:16.133] [DEBUG] [P24136:T9800] [rage-shot:v1] shot=202 phase=scan role=next present=1 index=1 enter=0.7580578 exit=1.0000000 damage=0.0000 team_raw=4 enter_ix=8000 exit_ix=0000 flags_raw=61 target_minus_enter=-0.3991883 exit_minus_target=0.6411304
[2026-10-02 00:32:16.133] [DEBUG] [P24136:T9800] [rage-shot:v1] shot=202 phase=final-no-spread method=geometry segment=0 count=2 target_fraction=0.3588565 target_distance=1469.876 range=4096.000 first_boundary=0.7580578 first_boundary_distance=3105.005 relation=inside damage_raw=25.6715 damage_scaled=-nan visibility_blocked=1 start=(-440.211,-1935.371,-116.000) requested_end=(839.589,1955.465,-142.883)
[2026-10-02 00:32:16.133] [DEBUG] [P24136:T9800] [rage-shot:v1] shot=202 phase=final-no-spread role=previous present=0 index=-1 enter=0.0000000 exit=0.0000000 damage=0.0000 team_raw=0 enter_ix=0000 exit_ix=0000 flags_raw=00 target_minus_enter=0.3588565 exit_minus_target=-0.3588565
[2026-10-02 00:32:16.133] [DEBUG] [P24136:T9800] [rage-shot:v1] shot=202 phase=final-no-spread role=chosen present=1 index=0 enter=0.0000000 exit=0.7580578 damage=25.6715 team_raw=4 enter_ix=8000 exit_ix=0000 flags_raw=60 target_minus_enter=0.3588565 exit_minus_target=0.3992013
[2026-10-02 00:32:16.133] [DEBUG] [P24136:T9800] [rage-shot:v1] shot=202 phase=final-no-spread role=next present=1 index=1 enter=0.7580578 exit=1.0000000 damage=0.0000 team_raw=4 enter_ix=8000 exit_ix=0000 flags_raw=61 target_minus_enter=-0.3992013 exit_minus_target=0.6411435
[2026-10-02 00:32:16.907] [WARN ] [P24136:T9800] [fsn-diag] stage=12 ctlptr=0x7ffccbe88008 ctl=0x5cde85cc400 shutdown=0
[2026-10-02 00:32:17.263] [DEBUG] [P24136:T9800] [rage-shot:v1] shot=221 report=13 suppressed=208 limit=32 tick=2495 stamp=(2496,0.000000) record_tick=2493 target=5ce0b37e800 item=4 no_spread=1 forced=0 hc=1.00000 required_hc=0.00000 scan_damage=-nan hitgroup=1 history=1 attack=1 command_aim=(-0.1320,60.3508,133.7896)
[2026-10-02 00:32:17.263] [DEBUG] [P24136:T9800] [rage-shot:v1] shot=221 phase=scan method=geometry segment=0 count=2 target_fraction=0.3907978 target_distance=1600.708 range=4096.000 first_boundary=0.4554204 first_boundary_distance=1865.402 relation=inside damage_raw=28.7779 damage_scaled=-nan visibility_blocked=1 start=(-588.106,-1746.381,-116.000) requested_end=(204.862,-353.291,-101.657)
[2026-10-02 00:32:17.263] [DEBUG] [P24136:T9800] [rage-shot:v1] shot=221 phase=scan role=previous present=0 index=-1 enter=0.0000000 exit=0.0000000 damage=0.0000 team_raw=0 enter_ix=0000 exit_ix=0000 flags_raw=00 target_minus_enter=0.3907978 exit_minus_target=-0.3907978
[2026-10-02 00:32:17.264] [DEBUG] [P24136:T9800] [rage-shot:v1] shot=221 phase=scan role=chosen present=1 index=0 enter=0.0000000 exit=0.4554204 damage=28.7779 team_raw=4 enter_ix=0000 exit_ix=0000 flags_raw=20 target_minus_enter=0.3907978 exit_minus_target=0.0646226
[2026-10-02 00:32:17.264] [DEBUG] [P24136:T9800] [rage-shot:v1] shot=221 phase=scan role=next present=1 index=1 enter=0.4554204 exit=1.0000000 damage=1.6735 team_raw=3 enter_ix=0000 exit_ix=0000 flags_raw=21 target_minus_enter=-0.0646226 exit_minus_target=0.6092021
[2026-10-02 00:32:17.264] [DEBUG] [P24136:T9800] [rage-shot:v1] shot=221 phase=final-no-spread method=geometry segment=0 count=2 target_fraction=0.3908029 target_distance=1600.729 range=4096.000 first_boundary=0.4554197 first_boundary_distance=1865.399 relation=inside damage_raw=28.7779 damage_scaled=-nan visibility_blocked=1 start=(-588.106,-1746.381,-116.000) requested_end=(1438.060,1813.197,-80.366)
[2026-10-02 00:32:17.264] [DEBUG] [P24136:T9800] [rage-shot:v1] shot=221 phase=final-no-spread role=previous present=0 index=-1 enter=0.0000000 exit=0.0000000 damage=0.0000 team_raw=0 enter_ix=0000 exit_ix=0000 flags_raw=00 target_minus_enter=0.3908029 exit_minus_target=-0.3908029
[2026-10-02 00:32:17.264] [DEBUG] [P24136:T9800] [rage-shot:v1] shot=221 phase=final-no-spread role=chosen present=1 index=0 enter=0.0000000 exit=0.4554197 damage=28.7779 team_raw=4 enter_ix=0000 exit_ix=0000 flags_raw=42 target_minus_enter=0.3908029 exit_minus_target=0.0646168
[2026-10-02 00:32:17.264] [DEBUG] [P24136:T9800] [rage-shot:v1] shot=221 phase=final-no-spread role=next present=1 index=1 enter=0.4554197 exit=1.0000000 damage=1.6735 team_raw=3 enter_ix=0000 exit_ix=0000 flags_raw=43 target_minus_enter=-0.0646168 exit_minus_target=0.6091971
[2026-10-02 00:32:17.484] [WARN ] [P24136:T9800] [local-diag] ctl=0x5cde85cc400 elist=0x5cd2f440000 empty=0 off_pawn=1724 off_hp=844 off_team=999 pawn_h=0x901a1 pawn=0x5cdd30e5800 hp=100 vm=0x7ffccbeb6910 gv=0x7ffccbb7be98
[2026-10-02 00:32:18.010] [DEBUG] [P24136:T9800] [rage-eye:v3] source=current-eye native=(nan,nan,nan) eye=(-670.205,-1587.787,-104.000) selected=(-670.205,-1587.787,-104.000)
[2026-10-02 00:32:18.353] [DEBUG] [P24136:T9800] [rage-shot:v1] shot=225 report=14 suppressed=211 limit=32 tick=2565 stamp=(2565,0.000000) record_tick=2563 target=5ce0b37e800 item=4 no_spread=1 forced=0 hc=1.00000 required_hc=0.00000 scan_damage=-nan hitgroup=1 history=1 attack=1 command_aim=(0.1241,54.8735,-15.7570)
[2026-10-02 00:32:18.353] [DEBUG] [P24136:T9800] [rage-shot:v1] shot=225 phase=scan method=geometry segment=0 count=6 target_fraction=0.4254507 target_distance=1742.646 range=4096.000 first_boundary=0.6754323 first_boundary_distance=2766.571 relation=inside damage_raw=27.0505 damage_scaled=-nan visibility_blocked=1 start=(-714.697,-1550.411,-104.000) requested_end=(289.358,-123.189,-107.071)
[2026-10-02 00:32:18.354] [DEBUG] [P24136:T9800] [rage-shot:v1] shot=225 phase=scan role=previous present=0 index=-1 enter=0.0000000 exit=0.0000000 damage=0.0000 team_raw=0 enter_ix=0000 exit_ix=0000 flags_raw=00 target_minus_enter=0.4254507 exit_minus_target=-0.4254507
[2026-10-02 00:32:18.354] [DEBUG] [P24136:T9800] [rage-shot:v1] shot=225 phase=scan role=chosen present=1 index=0 enter=0.0000000 exit=0.6754323 damage=27.0505 team_raw=4 enter_ix=0000 exit_ix=0000 flags_raw=b8 target_minus_enter=0.4254507 exit_minus_target=0.2499816
[2026-10-02 00:32:18.354] [DEBUG] [P24136:T9800] [rage-shot:v1] shot=225 phase=scan role=next present=1 index=1 enter=0.6754323 exit=0.6780260 damage=18.9517 team_raw=3 enter_ix=0000 exit_ix=0001 flags_raw=b9 target_minus_enter=-0.2499816 exit_minus_target=0.2525753
[2026-10-02 00:32:18.354] [DEBUG] [P24136:T9800] [rage-shot:v1] shot=225 phase=final-no-spread method=geometry segment=0 count=6 target_fraction=0.4254377 target_distance=1742.593 range=4096.000 first_boundary=0.6754323 first_boundary_distance=2766.571 relation=inside damage_raw=27.0505 damage_scaled=-nan visibility_blocked=1 start=(-714.697,-1550.411,-104.000) requested_end=(1642.072,1799.635,-111.208)
[2026-10-02 00:32:18.354] [DEBUG] [P24136:T9800] [rage-shot:v1] shot=225 phase=final-no-spread role=previous present=0 index=-1 enter=0.0000000 exit=0.0000000 damage=0.0000 team_raw=0 enter_ix=0000 exit_ix=0000 flags_raw=00 target_minus_enter=0.4254377 exit_minus_target=-0.4254377
[2026-10-02 00:32:18.354] [DEBUG] [P24136:T9800] [rage-shot:v1] shot=225 phase=final-no-spread role=chosen present=1 index=0 enter=0.0000000 exit=0.6754323 damage=27.0505 team_raw=4 enter_ix=0000 exit_ix=0000 flags_raw=ba target_minus_enter=0.4254377 exit_minus_target=0.2499947
[2026-10-02 00:32:18.354] [DEBUG] [P24136:T9800] [rage-shot:v1] shot=225 phase=final-no-spread role=next present=1 index=1 enter=0.6754323 exit=0.6780260 damage=18.9517 team_raw=3 enter_ix=0000 exit_ix=0001 flags_raw=bb target_minus_enter=-0.2499947 exit_minus_target=0.2525884
[2026-10-02 00:32:19.126] [DEBUG] [P24136:T9800] [rage-diag:pipeline] entry=1068 gun_calls=493 targets=515 no_targets=0 scan_empty=114 scan_nonempty=410 scan_hits=33659 selection=410 selected=410 fire_calls=410 attack_set=83 fire_abort_viewangles=0 fire_history_pushed=0 fire_history_missing=0 gate_inactive=0 gate_no_enemies=0 gate_disabled=0 gate_cannot_shoot=575
[2026-10-02 00:32:19.126] [DEBUG] [P24136:T9800] [rage-diag:scan] prepare_calls=2184 prepare_invalid=0 prepare_fov=0 prepare_geometry=0 prepared_points=45864 points=45864 invalid_hitbox=0 fov=0 budget=424 penetration_failed=10888 damage=0 headgroup=893 accepted=33659
[2026-10-02 00:32:19.126] [DEBUG] [P24136:T9800] [rage-diag:penetration] pen_calls=45544 no_weapon_damage=0 tls_failed=0 invalid_filter=0 no_trace_hits=0 contacts=155454 damage_exhausted=43732 contact_mismatch=116104 no_target_hit=10888 geometry_miss=0 pen_success=34656 pen_contact_accept=1813 pen_geometry_accept=32843
[2026-10-02 00:32:19.127] [DEBUG] [P24136:T9800] [rage-diag:config] patch=scan-v1 item=4 no_spread=1 max_fov=180.00 min_damage=34.00 damage_override=0 override_value=11.00 weapon_damage=30.00 range=4096.00 penetration=1.00 range_modifier=0.8500
[2026-10-02 00:32:19.127] [DEBUG] [P24136:T9800] rage perf: rage_total calls=1068 avg_ms=0.447 max_ms=2.853
[2026-10-02 00:32:19.127] [DEBUG] [P24136:T9800] rage perf: gather calls=493 avg_ms=0.026 max_ms=0.157
[2026-10-02 00:32:19.127] [DEBUG] [P24136:T9800] rage perf: prepare_scan calls=2184 avg_ms=0.005 max_ms=0.152
[2026-10-02 00:32:19.127] [DEBUG] [P24136:T9800] rage perf: scan_batch calls=88 avg_ms=0.129 max_ms=0.456
[2026-10-02 00:32:19.127] [DEBUG] [P24136:T9800] rage perf: selection calls=410 avg_ms=0.005 max_ms=0.159
[2026-10-02 00:32:19.127] [DEBUG] [P24136:T9800] rage perf: pool_dispatch_wait calls=88 avg_ms=0.000 max_ms=0.000
[2026-10-02 00:32:19.127] [DEBUG] [P24136:T9800] rage perf: pool_join_wait calls=88 avg_ms=0.032 max_ms=0.355
[2026-10-02 00:32:19.364] [DEBUG] [P24136:T9800] [rage-shot:v1] shot=245 report=15 suppressed=230 limit=32 tick=2630 stamp=(2630,0.000000) record_tick=2624 target=5ce0b37e800 item=4 no_spread=1 forced=0 hc=1.00000 required_hc=0.00000 scan_damage=-nan hitgroup=2 history=1 attack=1 command_aim=(1.9531,57.3622,121.9664)
[2026-10-02 00:32:19.364] [DEBUG] [P24136:T9800] [rage-shot:v1] shot=245 phase=scan method=geometry segment=0 count=4 target_fraction=0.4755004 target_distance=1947.650 range=4096.000 first_boundary=0.6643972 first_boundary_distance=2721.371 relation=inside damage_raw=27.1872 damage_scaled=-nan visibility_blocked=1 start=(-720.947,-1544.935,-122.000) requested_end=(332.208,99.445,-184.939)
[2026-10-02 00:32:19.364] [DEBUG] [P24136:T9800] [rage-shot:v1] shot=245 phase=scan role=previous present=0 index=-1 enter=0.0000000 exit=0.0000000 damage=0.0000 team_raw=0 enter_ix=0000 exit_ix=0000 flags_raw=00 target_minus_enter=0.4755004 exit_minus_target=-0.4755004
[2026-10-02 00:32:19.364] [DEBUG] [P24136:T9800] [rage-shot:v1] shot=245 phase=scan role=chosen present=1 index=0 enter=0.0000000 exit=0.6643972 damage=27.1872 team_raw=4 enter_ix=8000 exit_ix=0000 flags_raw=02 target_minus_enter=0.4755004 exit_minus_target=0.1888968
[2026-10-02 00:32:19.364] [DEBUG] [P24136:T9800] [rage-shot:v1] shot=245 phase=scan role=next present=1 index=1 enter=0.6643972 exit=0.6670033 damage=19.0676 team_raw=3 enter_ix=8000 exit_ix=0001 flags_raw=03 target_minus_enter=-0.1888968 exit_minus_target=0.1915029
[2026-10-02 00:32:19.364] [DEBUG] [P24136:T9800] [rage-shot:v1] shot=245 phase=final-no-spread method=geometry segment=0 count=4 target_fraction=0.4755151 target_distance=1947.710 range=4096.000 first_boundary=0.6643972 first_boundary_distance=2721.371 relation=inside damage_raw=27.1872 damage_scaled=-nan visibility_blocked=1 start=(-720.947,-1544.935,-122.000) requested_end=(1486.988,1902.503,-253.951)
[2026-10-02 00:32:19.364] [DEBUG] [P24136:T9800] [rage-shot:v1] shot=245 phase=final-no-spread role=previous present=0 index=-1 enter=0.0000000 exit=0.0000000 damage=0.0000 team_raw=0 enter_ix=0000 exit_ix=0000 flags_raw=00 target_minus_enter=0.4755151 exit_minus_target=-0.4755151
[2026-10-02 00:32:19.364] [DEBUG] [P24136:T9800] [rage-shot:v1] shot=245 phase=final-no-spread role=chosen present=1 index=0 enter=0.0000000 exit=0.6643972 damage=27.1872 team_raw=4 enter_ix=8000 exit_ix=0000 flags_raw=04 target_minus_enter=0.4755151 exit_minus_target=0.1888822
[2026-10-02 00:32:19.364] [DEBUG] [P24136:T9800] [rage-shot:v1] shot=245 phase=final-no-spread role=next present=1 index=1 enter=0.6643972 exit=0.6670034 damage=19.0676 team_raw=3 enter_ix=8000 exit_ix=0001 flags_raw=05 target_minus_enter=-0.1888822 exit_minus_target=0.1914883
[2026-10-02 00:32:20.553] [DEBUG] [P24136:T9800] [rage-shot:v1] shot=250 report=16 suppressed=234 limit=32 tick=2706 stamp=(2707,0.000000) record_tick=2704 target=5ce0b37e800 item=4 no_spread=1 forced=0 hc=1.00000 required_hc=0.00000 scan_damage=-nan hitgroup=1 history=1 attack=1 command_aim=(3.7704,62.3384,115.5150)
[2026-10-02 00:32:20.553] [DEBUG] [P24136:T9800] [rage-shot:v1] shot=250 phase=scan method=geometry segment=0 count=2 target_fraction=0.5540144 target_distance=2269.243 range=4096.000 first_boundary=0.7310902 first_boundary_distance=2994.545 relation=inside damage_raw=26.2061 damage_scaled=-nan visibility_blocked=1 start=(-672.722,-1672.594,-51.776) requested_end=(379.779,335.391,-195.915)
[2026-10-02 00:32:20.553] [DEBUG] [P24136:T9800] [rage-shot:v1] shot=250 phase=scan role=previous present=0 index=-1 enter=0.0000000 exit=0.0000000 damage=0.0000 team_raw=0 enter_ix=0000 exit_ix=0000 flags_raw=00 target_minus_enter=0.5540144 exit_minus_target=-0.5540144
[2026-10-02 00:32:20.553] [DEBUG] [P24136:T9800] [rage-shot:v1] shot=250 phase=scan role=chosen present=1 index=0 enter=0.0000000 exit=0.7310902 damage=26.2061 team_raw=4 enter_ix=0000 exit_ix=0000 flags_raw=94 target_minus_enter=0.5540144 exit_minus_target=0.1770758
[2026-10-02 00:32:20.553] [DEBUG] [P24136:T9800] [rage-shot:v1] shot=250 phase=scan role=next present=1 index=1 enter=0.7310902 exit=1.0000000 damage=0.0000 team_raw=4 enter_ix=0000 exit_ix=0000 flags_raw=95 target_minus_enter=-0.1770758 exit_minus_target=0.4459856
[2026-10-02 00:32:20.553] [DEBUG] [P24136:T9800] [rage-shot:v1] shot=250 phase=final-no-spread method=geometry segment=0 count=2 target_fraction=0.5540144 target_distance=2269.243 range=4096.000 first_boundary=0.7310902 first_boundary_distance=2994.545 relation=inside damage_raw=26.2061 damage_scaled=-nan visibility_blocked=1 start=(-672.722,-1672.594,-51.776) requested_end=(1225.011,1947.943,-311.669)
[2026-10-02 00:32:20.553] [DEBUG] [P24136:T9800] [rage-shot:v1] shot=250 phase=final-no-spread role=previous present=0 index=-1 enter=0.0000000 exit=0.0000000 damage=0.0000 team_raw=0 enter_ix=0000 exit_ix=0000 flags_raw=00 target_minus_enter=0.5540144 exit_minus_target=-0.5540144
[2026-10-02 00:32:20.553] [DEBUG] [P24136:T9800] [rage-shot:v1] shot=250 phase=final-no-spread role=chosen present=1 index=0 enter=0.0000000 exit=0.7310902 damage=26.2061 team_raw=4 enter_ix=0000 exit_ix=0000 flags_raw=94 target_minus_enter=0.5540144 exit_minus_target=0.1770758
[2026-10-02 00:32:20.554] [DEBUG] [P24136:T9800] [rage-shot:v1] shot=250 phase=final-no-spread role=next present=1 index=1 enter=0.7310902 exit=1.0000000 damage=0.0000 team_raw=4 enter_ix=0000 exit_ix=0000 flags_raw=95 target_minus_enter=-0.1770758 exit_minus_target=0.4459856
[2026-10-02 00:32:21.792] [DEBUG] [P24136:T9800] [rage-shot:v1] shot=257 report=17 suppressed=240 limit=32 tick=2785 stamp=(2784,0.000000) record_tick=2783 target=5ce0b37e800 item=4 no_spread=1 forced=0 hc=1.00000 required_hc=0.00000 scan_damage=-nan hitgroup=1 history=1 attack=1 command_aim=(1.9668,62.4957,-53.7987)
[2026-10-02 00:32:21.792] [DEBUG] [P24136:T9800] [rage-shot:v1] shot=257 phase=scan method=geometry segment=0 count=2 target_fraction=0.6570640 target_distance=2691.334 range=4096.000 first_boundary=0.6586527 first_boundary_distance=2697.842 relation=inside damage_raw=27.2550 damage_scaled=-nan visibility_blocked=1 start=(-627.600,-1901.746,-116.000) requested_end=(615.809,486.384,-194.536)
[2026-10-02 00:32:21.792] [DEBUG] [P24136:T9800] [rage-shot:v1] shot=257 phase=scan role=previous present=0 index=-1 enter=0.0000000 exit=0.0000000 damage=0.0000 team_raw=0 enter_ix=0000 exit_ix=0000 flags_raw=00 target_minus_enter=0.6570640 exit_minus_target=-0.6570640
[2026-10-02 00:32:21.792] [DEBUG] [P24136:T9800] [rage-shot:v1] shot=257 phase=scan role=chosen present=1 index=0 enter=0.0000000 exit=0.6586527 damage=27.2550 team_raw=4 enter_ix=0000 exit_ix=0000 flags_raw=28 target_minus_enter=0.6570640 exit_minus_target=0.0015887
[2026-10-02 00:32:21.792] [DEBUG] [P24136:T9800] [rage-shot:v1] shot=257 phase=scan role=next present=1 index=1 enter=0.6586527 exit=1.0000000 damage=0.0000 team_raw=4 enter_ix=0000 exit_ix=0003 flags_raw=29 target_minus_enter=-0.0015887 exit_minus_target=0.3429360
[2026-10-02 00:32:21.792] [DEBUG] [P24136:T9800] [rage-shot:v1] shot=257 phase=final-no-spread method=geometry segment=0 count=2 target_fraction=0.6570369 target_distance=2691.223 range=4096.000 first_boundary=0.6586527 first_boundary_distance=2697.841 relation=inside damage_raw=27.2550 damage_scaled=-nan visibility_blocked=1 start=(-627.600,-1901.746,-116.000) requested_end=(1263.191,1729.763,-235.426)
[2026-10-02 00:32:21.792] [DEBUG] [P24136:T9800] [rage-shot:v1] shot=257 phase=final-no-spread role=previous present=0 index=-1 enter=0.0000000 exit=0.0000000 damage=0.0000 team_raw=0 enter_ix=0000 exit_ix=0000 flags_raw=00 target_minus_enter=0.6570369 exit_minus_target=-0.6570369
[2026-10-02 00:32:21.792] [DEBUG] [P24136:T9800] [rage-shot:v1] shot=257 phase=final-no-spread role=chosen present=1 index=0 enter=0.0000000 exit=0.6586527 damage=27.2550 team_raw=4 enter_ix=0000 exit_ix=0000 flags_raw=28 target_minus_enter=0.6570369 exit_minus_target=0.0016158
[2026-10-02 00:32:21.792] [DEBUG] [P24136:T9800] [rage-shot:v1] shot=257 phase=final-no-spread role=next present=1 index=1 enter=0.6586527 exit=1.0000000 damage=0.0000 team_raw=4 enter_ix=0000 exit_ix=0003 flags_raw=29 target_minus_enter=-0.0016158 exit_minus_target=0.3429631
[2026-10-02 00:32:21.907] [WARN ] [P24136:T9800] [fsn-diag] stage=12 ctlptr=0x7ffccbe88008 ctl=0x5cde85cc400 shutdown=0
[2026-10-02 00:32:22.485] [WARN ] [P24136:T9800] [local-diag] ctl=0x5cde85cc400 elist=0x5cd2f440000 empty=0 off_pawn=1724 off_hp=844 off_team=999 pawn_h=0x901a1 pawn=0x5cdd30e5800 hp=100 vm=0x7ffccbeb6910 gv=0x7ffccbb7be98
[2026-10-02 00:32:22.993] [DEBUG] [P24136:T9800] [rage-shot:v1] shot=263 report=18 suppressed=245 limit=32 tick=2862 stamp=(2863,0.000000) record_tick=2860 target=5ce0b37e800 item=4 no_spread=1 forced=0 hc=1.00000 required_hc=0.00000 scan_damage=-nan hitgroup=1 history=1 attack=1 command_aim=(1.4400,56.8376,-49.7143)
[2026-10-02 00:32:22.994] [DEBUG] [P24136:T9800] [rage-shot:v1] shot=263 phase=scan method=geometry segment=0 count=2 target_fraction=0.7440895 target_distance=3047.791 range=4096.000 first_boundary=0.7841057 first_boundary_distance=3211.697 relation=inside damage_raw=25.0426 damage_scaled=-nan visibility_blocked=1 start=(-767.158,-2105.044,-116.000) requested_end=(900.896,447.669,-188.380)
[2026-10-02 00:32:22.994] [DEBUG] [P24136:T9800] [rage-shot:v1] shot=263 phase=scan role=previous present=0 index=-1 enter=0.0000000 exit=0.0000000 damage=0.0000 team_raw=0 enter_ix=0000 exit_ix=0000 flags_raw=00 target_minus_enter=0.7440895 exit_minus_target=-0.7440895
[2026-10-02 00:32:22.994] [DEBUG] [P24136:T9800] [rage-shot:v1] shot=263 phase=scan role=chosen present=1 index=0 enter=0.0000000 exit=0.7841057 damage=25.0426 team_raw=4 enter_ix=8000 exit_ix=0000 flags_raw=4e target_minus_enter=0.7440895 exit_minus_target=0.0400162
[2026-10-02 00:32:22.994] [DEBUG] [P24136:T9800] [rage-shot:v1] shot=263 phase=scan role=next present=1 index=1 enter=0.7841057 exit=1.0000000 damage=0.0000 team_raw=4 enter_ix=8000 exit_ix=0003 flags_raw=4f target_minus_enter=-0.0400162 exit_minus_target=0.2559105
[2026-10-02 00:32:22.994] [DEBUG] [P24136:T9800] [rage-shot:v1] shot=263 phase=final-no-spread method=geometry segment=0 count=2 target_fraction=0.7440894 target_distance=3047.790 range=4096.000 first_boundary=0.7841057 first_boundary_distance=3211.697 relation=inside damage_raw=25.0426 damage_scaled=-nan visibility_blocked=1 start=(-767.158,-2105.044,-116.000) requested_end=(1472.778,1322.850,-213.195)
[2026-10-02 00:32:22.994] [DEBUG] [P24136:T9800] [rage-shot:v1] shot=263 phase=final-no-spread role=previous present=0 index=-1 enter=0.0000000 exit=0.0000000 damage=0.0000 team_raw=0 enter_ix=0000 exit_ix=0000 flags_raw=00 target_minus_enter=0.7440894 exit_minus_target=-0.7440894
[2026-10-02 00:32:22.994] [DEBUG] [P24136:T9800] [rage-shot:v1] shot=263 phase=final-no-spread role=chosen present=1 index=0 enter=0.0000000 exit=0.7841057 damage=25.0426 team_raw=4 enter_ix=8000 exit_ix=0000 flags_raw=4e target_minus_enter=0.7440894 exit_minus_target=0.0400163
[2026-10-02 00:32:22.994] [DEBUG] [P24136:T9800] [rage-shot:v1] shot=263 phase=final-no-spread role=next present=1 index=1 enter=0.7841057 exit=1.0000000 damage=0.0000 team_raw=4 enter_ix=8000 exit_ix=0003 flags_raw=4f target_minus_enter=-0.0400163 exit_minus_target=0.2559106
[2026-10-02 00:32:23.021] [DEBUG] [P24136:T9800] [rage-eye:v3] source=current-eye native=(nan,nan,nan) eye=(-767.394,-2111.767,-116.000) selected=(-767.394,-2111.767,-116.000)
[2026-10-02 00:32:24.004] [DEBUG] [P24136:T9800] [rage-shot:v1] shot=273 report=19 suppressed=254 limit=32 tick=2927 stamp=(2927,0.000000) record_tick=2917 target=5ce0b37e800 item=4 no_spread=1 forced=0 hc=1.00000 required_hc=0.00000 scan_damage=-nan hitgroup=2 history=1 attack=1 command_aim=(1.9064,55.6309,-169.3847)
[2026-10-02 00:32:24.004] [DEBUG] [P24136:T9800] [rage-shot:v1] shot=273 phase=scan method=geometry segment=2 count=4 target_fraction=0.8196865 target_distance=3357.436 range=4096.000 first_boundary=0.2364206 first_boundary_distance=968.379 relation=inside damage_raw=3.4061 damage_scaled=-nan visibility_blocked=1 start=(-833.814,-2320.717,-110.305) requested_end=(1064.163,454.422,-213.462)
[2026-10-02 00:32:24.004] [DEBUG] [P24136:T9800] [rage-shot:v1] shot=273 phase=scan role=previous present=1 index=1 enter=0.2364206 exit=0.2372964 damage=4.3442 team_raw=3 enter_ix=0000 exit_ix=0001 flags_raw=01 target_minus_enter=0.5832659 exit_minus_target=-0.5823901
[2026-10-02 00:32:24.004] [DEBUG] [P24136:T9800] [rage-shot:v1] shot=273 phase=scan role=chosen present=1 index=2 enter=0.2372964 exit=0.9181122 damage=3.4061 team_raw=3 enter_ix=0001 exit_ix=0002 flags_raw=00 target_minus_enter=0.5823901 exit_minus_target=0.0984257
[2026-10-02 00:32:24.004] [DEBUG] [P24136:T9800] [rage-shot:v1] shot=273 phase=scan role=next present=1 index=3 enter=0.9181122 exit=1.0000000 damage=0.0000 team_raw=3 enter_ix=0002 exit_ix=0002 flags_raw=01 target_minus_enter=-0.0984257 exit_minus_target=0.1803135
[2026-10-02 00:32:24.004] [DEBUG] [P24136:T9800] [rage-shot:v1] shot=273 phase=final-no-spread method=geometry segment=2 count=4 target_fraction=0.8197165 target_distance=3357.559 range=4096.000 first_boundary=0.2364206 first_boundary_distance=968.379 relation=inside damage_raw=3.4061 damage_scaled=-nan visibility_blocked=1 start=(-833.814,-2320.717,-110.305) requested_end=(1477.378,1058.606,-235.920)
[2026-10-02 00:32:24.004] [DEBUG] [P24136:T9800] [rage-shot:v1] shot=273 phase=final-no-spread role=previous present=1 index=1 enter=0.2364206 exit=0.2372964 damage=4.3442 team_raw=3 enter_ix=0000 exit_ix=0001 flags_raw=01 target_minus_enter=0.5832958 exit_minus_target=-0.5824201
[2026-10-02 00:32:24.004] [DEBUG] [P24136:T9800] [rage-shot:v1] shot=273 phase=final-no-spread role=chosen present=1 index=2 enter=0.2372964 exit=0.9181123 damage=3.4061 team_raw=3 enter_ix=0001 exit_ix=0002 flags_raw=00 target_minus_enter=0.5824201 exit_minus_target=0.0983959
[2026-10-02 00:32:24.004] [DEBUG] [P24136:T9800] [rage-shot:v1] shot=273 phase=final-no-spread role=next present=1 index=3 enter=0.9181123 exit=1.0000000 damage=0.0000 team_raw=3 enter_ix=0002 exit_ix=0002 flags_raw=01 target_minus_enter=-0.0983959 exit_minus_target=0.1802835
[2026-10-02 00:32:24.128] [DEBUG] [P24136:T9800] [rage-diag:pipeline] entry=1074 gun_calls=704 targets=704 no_targets=0 scan_empty=280 scan_nonempty=424 scan_hits=28030 selection=424 selected=424 fire_calls=424 attack_set=39 fire_abort_viewangles=0 fire_history_pushed=0 fire_history_missing=0 gate_inactive=0 gate_no_enemies=0 gate_disabled=0 gate_cannot_shoot=370
[2026-10-02 00:32:24.128] [DEBUG] [P24136:T9800] [rage-diag:scan] prepare_calls=2816 prepare_invalid=0 prepare_fov=0 prepare_geometry=0 prepared_points=59136 points=59136 invalid_hitbox=0 fov=125 budget=0 penetration_failed=30981 damage=0 headgroup=0 accepted=28030
[2026-10-02 00:32:24.128] [DEBUG] [P24136:T9800] [rage-diag:penetration] pen_calls=59063 no_weapon_damage=0 tls_failed=0 invalid_filter=0 no_trace_hits=0 contacts=214456 damage_exhausted=88460 contact_mismatch=156977 no_target_hit=30981 geometry_miss=0 pen_success=28082 pen_contact_accept=0 pen_geometry_accept=28082
[2026-10-02 00:32:24.128] [DEBUG] [P24136:T9800] [rage-diag:config] patch=scan-v1 item=4 no_spread=1 max_fov=180.00 min_damage=34.00 damage_override=0 override_value=11.00 weapon_damage=30.00 range=4096.00 penetration=1.00 range_modifier=0.8500
[2026-10-02 00:32:24.128] [DEBUG] [P24136:T9800] rage perf: rage_total calls=1074 avg_ms=0.739 max_ms=2.962
[2026-10-02 00:32:24.128] [DEBUG] [P24136:T9800] rage perf: gather calls=704 avg_ms=0.026 max_ms=0.436
[2026-10-02 00:32:24.128] [DEBUG] [P24136:T9800] rage perf: prepare_scan calls=2816 avg_ms=0.005 max_ms=0.099
[2026-10-02 00:32:24.128] [DEBUG] [P24136:T9800] rage perf: selection calls=424 avg_ms=0.004 max_ms=0.007
[2026-10-02 00:32:25.492] [DEBUG] [P24136:T9800] [rage-shot:v1] shot=286 report=20 suppressed=266 limit=32 tick=3022 stamp=(3023,0.000000) record_tick=3020 target=5ce0b37e800 item=4 no_spread=1 forced=0 hc=1.00000 required_hc=0.00000 scan_damage=-nan hitgroup=1 history=1 attack=1 command_aim=(-0.0129,45.9977,-4.8944)
[2026-10-02 00:32:25.492] [DEBUG] [P24136:T9800] [rage-shot:v1] shot=286 phase=scan method=geometry segment=1 count=2 target_fraction=0.8613154 target_distance=3527.948 range=4096.000 first_boundary=0.5773029 first_boundary_distance=2364.633 relation=inside damage_raw=1.0452 damage_scaled=-nan visibility_blocked=1 start=(-1172.344,-2366.308,-116.482) requested_end=(1280.035,172.996,-111.692)
[2026-10-02 00:32:25.492] [DEBUG] [P24136:T9800] [rage-shot:v1] shot=286 phase=scan role=previous present=1 index=0 enter=0.0000000 exit=0.5773029 damage=28.0300 team_raw=4 enter_ix=8000 exit_ix=0000 flags_raw=be target_minus_enter=0.8613154 exit_minus_target=-0.2840125
[2026-10-02 00:32:25.492] [DEBUG] [P24136:T9800] [rage-shot:v1] shot=286 phase=scan role=chosen present=1 index=1 enter=0.5773029 exit=1.0000000 damage=1.0452 team_raw=3 enter_ix=8000 exit_ix=0000 flags_raw=bf target_minus_enter=0.2840125 exit_minus_target=0.1386846
[2026-10-02 00:32:25.492] [DEBUG] [P24136:T9800] [rage-shot:v1] shot=286 phase=scan role=next present=0 index=2 enter=0.0000000 exit=0.0000000 damage=0.0000 team_raw=0 enter_ix=0000 exit_ix=0000 flags_raw=00 target_minus_enter=0.8613154 exit_minus_target=-0.8613154
[2026-10-02 00:32:25.492] [DEBUG] [P24136:T9800] [rage-shot:v1] shot=286 phase=final-no-spread method=geometry segment=1 count=2 target_fraction=0.8613153 target_distance=3527.948 range=4096.000 first_boundary=0.5773029 first_boundary_distance=2364.633 relation=inside damage_raw=1.0452 damage_scaled=-nan visibility_blocked=1 start=(-1172.344,-2366.308,-116.482) requested_end=(1673.095,579.989,-110.925)
[2026-10-02 00:32:25.492] [DEBUG] [P24136:T9800] [rage-shot:v1] shot=286 phase=final-no-spread role=previous present=1 index=0 enter=0.0000000 exit=0.5773029 damage=28.0300 team_raw=4 enter_ix=8000 exit_ix=0000 flags_raw=c0 target_minus_enter=0.8613153 exit_minus_target=-0.2840124
[2026-10-02 00:32:25.492] [DEBUG] [P24136:T9800] [rage-shot:v1] shot=286 phase=final-no-spread role=chosen present=1 index=1 enter=0.5773029 exit=1.0000000 damage=1.0452 team_raw=3 enter_ix=8000 exit_ix=0000 flags_raw=c1 target_minus_enter=0.2840124 exit_minus_target=0.1386847
[2026-10-02 00:32:25.492] [DEBUG] [P24136:T9800] [rage-shot:v1] shot=286 phase=final-no-spread role=next present=0 index=2 enter=0.0000000 exit=0.0000000 damage=0.0000 team_raw=0 enter_ix=0000 exit_ix=0000 flags_raw=00 target_minus_enter=0.8613153 exit_minus_target=-0.8613153
[2026-10-02 00:32:26.911] [WARN ] [P24136:T9800] [fsn-diag] stage=0 ctlptr=0x7ffccbe88008 ctl=0x5cde85cc400 shutdown=0
[2026-10-02 00:32:27.064] [DEBUG] [P24136:T9800] [rage-shot:v1] shot=305 report=21 suppressed=284 limit=32 tick=3122 stamp=(3123,0.000000) record_tick=3109 target=5ce0b37e800 item=4 no_spread=1 forced=0 hc=1.00000 required_hc=0.00000 scan_damage=-nan hitgroup=3 history=3 attack=1 command_aim=(-0.6058,36.1903,37.2586)
[2026-10-02 00:32:27.064] [DEBUG] [P24136:T9800] [rage-shot:v1] shot=305 phase=scan method=geometry segment=1 count=2 target_fraction=0.8647118 target_distance=3541.859 range=4096.000 first_boundary=0.5212038 first_boundary_distance=2134.851 relation=inside damage_raw=20.1221 damage_scaled=-nan visibility_blocked=1 start=(-1508.402,-2216.298,-184.457) requested_end=(1354.638,-121.612,-132.282)
[2026-10-02 00:32:27.064] [DEBUG] [P24136:T9800] [rage-shot:v1] shot=305 phase=scan role=previous present=1 index=0 enter=0.0000000 exit=0.5212038 damage=28.4191 team_raw=4 enter_ix=8000 exit_ix=0000 flags_raw=d0 target_minus_enter=0.8647118 exit_minus_target=-0.3435079
[2026-10-02 00:32:27.064] [DEBUG] [P24136:T9800] [rage-shot:v1] shot=305 phase=scan role=chosen present=1 index=1 enter=0.5212038 exit=1.0000000 damage=20.1221 team_raw=3 enter_ix=8000 exit_ix=0000 flags_raw=d1 target_minus_enter=0.3435079 exit_minus_target=0.1352882
[2026-10-02 00:32:27.064] [DEBUG] [P24136:T9800] [rage-shot:v1] shot=305 phase=scan role=next present=0 index=2 enter=0.0000000 exit=0.0000000 damage=0.0000 team_raw=0 enter_ix=0000 exit_ix=0000 flags_raw=00 target_minus_enter=0.8647118 exit_minus_target=-0.8647118
[2026-10-02 00:32:27.064] [DEBUG] [P24136:T9800] [rage-shot:v1] shot=305 phase=final-no-spread method=geometry segment=1 count=2 target_fraction=0.8647118 target_distance=3541.859 range=4096.000 first_boundary=0.5212038 first_boundary_distance=2134.851 relation=inside damage_raw=20.1221 damage_scaled=-nan visibility_blocked=1 start=(-1508.402,-2216.298,-184.457) requested_end=(1796.958,202.003,-124.221)
[2026-10-02 00:32:27.064] [DEBUG] [P24136:T9800] [rage-shot:v1] shot=305 phase=final-no-spread role=previous present=1 index=0 enter=0.0000000 exit=0.5212038 damage=28.4191 team_raw=4 enter_ix=8000 exit_ix=0000 flags_raw=d0 target_minus_enter=0.8647118 exit_minus_target=-0.3435079
[2026-10-02 00:32:27.064] [DEBUG] [P24136:T9800] [rage-shot:v1] shot=305 phase=final-no-spread role=chosen present=1 index=1 enter=0.5212038 exit=1.0000000 damage=20.1221 team_raw=3 enter_ix=8000 exit_ix=0000 flags_raw=d1 target_minus_enter=0.3435079 exit_minus_target=0.1352882
[2026-10-02 00:32:27.064] [DEBUG] [P24136:T9800] [rage-shot:v1] shot=305 phase=final-no-spread role=next present=0 index=2 enter=0.0000000 exit=0.0000000 damage=0.0000 team_raw=0 enter_ix=0000 exit_ix=0000 flags_raw=00 target_minus_enter=0.8647118 exit_minus_target=-0.8647118
[2026-10-02 00:32:27.486] [WARN ] [P24136:T9800] [local-diag] ctl=0x5cde85cc400 elist=0x5cd2f440000 empty=0 off_pawn=1724 off_hp=844 off_team=999 pawn_h=0x901a1 pawn=0x5cdd30e5800 hp=100 vm=0x7ffccbeb6910 gv=0x7ffccbb7be98
[2026-10-02 00:32:28.019] [DEBUG] [P24136:T9800] [rage-eye:v3] source=current-eye native=(nan,nan,nan) eye=(-1602.566,-2165.050,-192.301) selected=(-1602.566,-2165.050,-192.301)
[2026-10-02 00:32:28.110] [DEBUG] [P24136:T9800] [rage-shot:v1] shot=318 report=22 suppressed=296 limit=32 tick=3189 stamp=(3190,0.000000) record_tick=3188 target=5ce0b37e800 item=4 no_spread=1 forced=0 hc=1.00000 required_hc=0.00000 scan_damage=-nan hitgroup=1 history=1 attack=1 command_aim=(-1.0038,32.5345,-3.3848)
[2026-10-02 00:32:28.110] [DEBUG] [P24136:T9800] [rage-shot:v1] shot=318 phase=scan method=geometry segment=1 count=2 target_fraction=0.8544338 target_distance=3499.761 range=4096.000 first_boundary=0.5329178 first_boundary_distance=2182.831 relation=inside damage_raw=7.7385 damage_scaled=-nan visibility_blocked=1 start=(-1587.123,-2175.036,-191.115) requested_end=(1364.530,-292.129,-101.969)
[2026-10-02 00:32:28.110] [DEBUG] [P24136:T9800] [rage-shot:v1] shot=318 phase=scan role=previous present=1 index=0 enter=0.0000000 exit=0.5329178 damage=28.3452 team_raw=4 enter_ix=8000 exit_ix=0000 flags_raw=48 target_minus_enter=0.8544338 exit_minus_target=-0.3215160
[2026-10-02 00:32:28.110] [DEBUG] [P24136:T9800] [rage-shot:v1] shot=318 phase=scan role=chosen present=1 index=1 enter=0.5329178 exit=1.0000000 damage=7.7385 team_raw=3 enter_ix=8000 exit_ix=0000 flags_raw=49 target_minus_enter=0.3215160 exit_minus_target=0.1455662
[2026-10-02 00:32:28.110] [DEBUG] [P24136:T9800] [rage-shot:v1] shot=318 phase=scan role=next present=0 index=2 enter=0.0000000 exit=0.0000000 damage=0.0000 team_raw=0 enter_ix=0000 exit_ix=0000 flags_raw=00 target_minus_enter=0.8544338 exit_minus_target=-0.8544338
[2026-10-02 00:32:28.110] [DEBUG] [P24136:T9800] [rage-shot:v1] shot=318 phase=final-no-spread method=geometry segment=1 count=2 target_fraction=0.8544339 target_distance=3499.761 range=4096.000 first_boundary=0.5329179 first_boundary_distance=2182.832 relation=inside damage_raw=7.7385 damage_scaled=-nan visibility_blocked=1 start=(-1587.123,-2175.036,-191.115) requested_end=(1864.966,27.107,-86.855)
[2026-10-02 00:32:28.110] [DEBUG] [P24136:T9800] [rage-shot:v1] shot=318 phase=final-no-spread role=previous present=1 index=0 enter=0.0000000 exit=0.5329179 damage=28.3452 team_raw=4 enter_ix=8000 exit_ix=0000 flags_raw=48 target_minus_enter=0.8544339 exit_minus_target=-0.3215160
[2026-10-02 00:32:28.110] [DEBUG] [P24136:T9800] [rage-shot:v1] shot=318 phase=final-no-spread role=chosen present=1 index=1 enter=0.5329179 exit=1.0000000 damage=7.7385 team_raw=3 enter_ix=8000 exit_ix=0000 flags_raw=49 target_minus_enter=0.3215160 exit_minus_target=0.1455661
[2026-10-02 00:32:28.110] [DEBUG] [P24136:T9800] [rage-shot:v1] shot=318 phase=final-no-spread role=next present=0 index=2 enter=0.0000000 exit=0.0000000 damage=0.0000 team_raw=0 enter_ix=0000 exit_ix=0000 flags_raw=00 target_minus_enter=0.8544339 exit_minus_target=-0.8544339
[2026-10-02 00:32:29.129] [DEBUG] [P24136:T9800] [rage-diag:pipeline] entry=1083 gun_calls=698 targets=698 no_targets=0 scan_empty=503 scan_nonempty=195 scan_hits=6990 selection=195 selected=195 fire_calls=195 attack_set=44 fire_abort_viewangles=0 fire_history_pushed=0 fire_history_missing=0 gate_inactive=0 gate_no_enemies=0 gate_disabled=0 gate_cannot_shoot=385
[2026-10-02 00:32:29.129] [DEBUG] [P24136:T9800] [rage-diag:scan] prepare_calls=2792 prepare_invalid=0 prepare_fov=0 prepare_geometry=0 prepared_points=58632 points=58632 invalid_hitbox=0 fov=0 budget=0 penetration_failed=51642 damage=0 headgroup=0 accepted=6990
[2026-10-02 00:32:29.129] [DEBUG] [P24136:T9800] [rage-diag:penetration] pen_calls=58691 no_weapon_damage=0 tls_failed=0 invalid_filter=0 no_trace_hits=0 contacts=122520 damage_exhausted=103972 contact_mismatch=70201 no_target_hit=51653 geometry_miss=0 pen_success=7038 pen_contact_accept=0 pen_geometry_accept=7038
[2026-10-02 00:32:29.129] [DEBUG] [P24136:T9800] [rage-diag:config] patch=scan-v1 item=4 no_spread=1 max_fov=180.00 min_damage=34.00 damage_override=0 override_value=11.00 weapon_damage=30.00 range=4096.00 penetration=1.00 range_modifier=0.8500
[2026-10-02 00:32:29.129] [DEBUG] [P24136:T9800] rage perf: rage_total calls=1083 avg_ms=0.470 max_ms=1.684
[2026-10-02 00:32:29.129] [DEBUG] [P24136:T9800] rage perf: gather calls=698 avg_ms=0.025 max_ms=0.238
[2026-10-02 00:32:29.129] [DEBUG] [P24136:T9800] rage perf: prepare_scan calls=2792 avg_ms=0.005 max_ms=0.128
[2026-10-02 00:32:29.129] [DEBUG] [P24136:T9800] rage perf: selection calls=195 avg_ms=0.003 max_ms=0.005
[2026-10-02 00:32:30.704] [DEBUG] [P24136:T9800] [rage-shot:v1] shot=321 report=23 suppressed=298 limit=32 tick=3355 stamp=(3355,0.000000) record_tick=3353 target=5ce0b37e800 item=4 no_spread=1 forced=0 hc=1.00000 required_hc=0.00000 scan_damage=-nan hitgroup=2 history=2 attack=1 command_aim=(0.3359,32.8312,4.5519)
[2026-10-02 00:32:30.704] [DEBUG] [P24136:T9800] [rage-shot:v1] shot=321 phase=scan method=geometry segment=2 count=4 target_fraction=0.6895235 target_distance=2824.288 range=4096.000 first_boundary=0.6446635 first_boundary_distance=2640.542 relation=inside damage_raw=2.6496 damage_scaled=-nan visibility_blocked=1 start=(-1048.187,-2388.149,-104.000) requested_end=(1331.018,-853.019,-114.442)
[2026-10-02 00:32:30.704] [DEBUG] [P24136:T9800] [rage-shot:v1] shot=321 phase=scan role=previous present=1 index=1 enter=0.6446635 exit=0.6474717 damage=2.7296 team_raw=3 enter_ix=0000 exit_ix=0002 flags_raw=01 target_minus_enter=0.0448599 exit_minus_target=-0.0420518
[2026-10-02 00:32:30.704] [DEBUG] [P24136:T9800] [rage-shot:v1] shot=321 phase=scan role=chosen present=1 index=2 enter=0.6474717 exit=0.7777448 damage=2.6496 team_raw=3 enter_ix=0002 exit_ix=0003 flags_raw=00 target_minus_enter=0.0420518 exit_minus_target=0.0882214
[2026-10-02 00:32:30.704] [DEBUG] [P24136:T9800] [rage-shot:v1] shot=321 phase=scan role=next present=1 index=3 enter=0.7777448 exit=1.0000000 damage=0.0000 team_raw=3 enter_ix=0003 exit_ix=0005 flags_raw=01 target_minus_enter=-0.0882214 exit_minus_target=0.3104765
[2026-10-02 00:32:30.704] [DEBUG] [P24136:T9800] [rage-shot:v1] shot=321 phase=final-no-spread method=geometry segment=2 count=4 target_fraction=0.6895235 target_distance=2824.288 range=4096.000 first_boundary=0.6446634 first_boundary_distance=2640.541 relation=inside damage_raw=2.6496 damage_scaled=-nan visibility_blocked=1 start=(-1048.187,-2388.149,-104.000) requested_end=(2393.540,-167.450,-119.105)
[2026-10-02 00:32:30.704] [DEBUG] [P24136:T9800] [rage-shot:v1] shot=321 phase=final-no-spread role=previous present=1 index=1 enter=0.6446634 exit=0.6474715 damage=2.7296 team_raw=3 enter_ix=0000 exit_ix=0002 flags_raw=01 target_minus_enter=0.0448601 exit_minus_target=-0.0420519
[2026-10-02 00:32:30.705] [DEBUG] [P24136:T9800] [rage-shot:v1] shot=321 phase=final-no-spread role=chosen present=1 index=2 enter=0.6474715 exit=0.7777447 damage=2.6496 team_raw=3 enter_ix=0002 exit_ix=0003 flags_raw=00 target_minus_enter=0.0420519 exit_minus_target=0.0882213
[2026-10-02 00:32:30.705] [DEBUG] [P24136:T9800] [rage-shot:v1] shot=321 phase=final-no-spread role=next present=1 index=3 enter=0.7777447 exit=1.0000000 damage=0.0000 team_raw=3 enter_ix=0003 exit_ix=0005 flags_raw=01 target_minus_enter=-0.0882213 exit_minus_target=0.3104765
[2026-10-02 00:32:31.915] [WARN ] [P24136:T9800] [fsn-diag] stage=0 ctlptr=0x7ffccbe88008 ctl=0x5cde85cc400 shutdown=0
[2026-10-02 00:32:31.933] [DEBUG] [P24136:T9800] [rage-shot:v1] shot=328 report=24 suppressed=304 limit=32 tick=3434 stamp=(3435,0.000000) record_tick=3432 target=5ce0b37e800 item=4 no_spread=1 forced=0 hc=1.00000 required_hc=0.00000 scan_damage=-nan hitgroup=3 history=1 attack=1 command_aim=(0.4329,29.4408,-77.8699)
[2026-10-02 00:32:31.933] [DEBUG] [P24136:T9800] [rage-shot:v1] shot=328 phase=scan method=geometry segment=0 count=2 target_fraction=0.5850633 target_distance=2396.419 range=4096.000 first_boundary=0.7571998 first_boundary_distance=3101.490 relation=inside damage_raw=25.6901 damage_scaled=-nan visibility_blocked=1 start=(-782.366,-2331.622,-114.378) requested_end=(1306.949,-1152.666,-126.178)
[2026-10-02 00:32:31.933] [DEBUG] [P24136:T9800] [rage-shot:v1] shot=328 phase=scan role=previous present=0 index=-1 enter=0.0000000 exit=0.0000000 damage=0.0000 team_raw=0 enter_ix=0000 exit_ix=0000 flags_raw=00 target_minus_enter=0.5850633 exit_minus_target=-0.5850633
[2026-10-02 00:32:31.933] [DEBUG] [P24136:T9800] [rage-shot:v1] shot=328 phase=scan role=chosen present=1 index=0 enter=0.0000000 exit=0.7571998 damage=25.6901 team_raw=4 enter_ix=0000 exit_ix=0000 flags_raw=00 target_minus_enter=0.5850633 exit_minus_target=0.1721364
[2026-10-02 00:32:31.933] [DEBUG] [P24136:T9800] [rage-shot:v1] shot=328 phase=scan role=next present=1 index=1 enter=0.7571998 exit=1.0000000 damage=0.0000 team_raw=4 enter_ix=0000 exit_ix=0003 flags_raw=01 target_minus_enter=-0.1721364 exit_minus_target=0.4149367
[2026-10-02 00:32:31.933] [DEBUG] [P24136:T9800] [rage-shot:v1] shot=328 phase=final-no-spread method=geometry segment=0 count=2 target_fraction=0.5850594 target_distance=2396.403 range=4096.000 first_boundary=0.7572060 first_boundary_distance=3101.516 relation=inside damage_raw=25.6900 damage_scaled=-nan visibility_blocked=1 start=(-782.366,-2331.622,-114.378) requested_end=(2784.622,-318.382,-140.450)
[2026-10-02 00:32:31.933] [DEBUG] [P24136:T9800] [rage-shot:v1] shot=328 phase=final-no-spread role=previous present=0 index=-1 enter=0.0000000 exit=0.0000000 damage=0.0000 team_raw=0 enter_ix=0000 exit_ix=0000 flags_raw=00 target_minus_enter=0.5850594 exit_minus_target=-0.5850594
[2026-10-02 00:32:31.933] [DEBUG] [P24136:T9800] [rage-shot:v1] shot=328 phase=final-no-spread role=chosen present=1 index=0 enter=0.0000000 exit=0.7572060 damage=25.6900 team_raw=4 enter_ix=0000 exit_ix=0000 flags_raw=00 target_minus_enter=0.5850594 exit_minus_target=0.1721466
[2026-10-02 00:32:31.933] [DEBUG] [P24136:T9800] [rage-shot:v1] shot=328 phase=final-no-spread role=next present=1 index=1 enter=0.7572060 exit=1.0000000 damage=0.0000 team_raw=4 enter_ix=0000 exit_ix=0003 flags_raw=01 target_minus_enter=-0.1721466 exit_minus_target=0.4149406
[2026-10-02 00:32:32.489] [WARN ] [P24136:T9800] [local-diag] ctl=0x5cde85cc400 elist=0x5cd2f440000 empty=0 off_pawn=1724 off_hp=844 off_team=999 pawn_h=0x901a1 pawn=0x5cdd30e5800 hp=100 vm=0x7ffccbeb6910 gv=0x7ffccbb7be98
[2026-10-02 00:32:34.129] [DEBUG] [P24136:T9800] [rage-diag:pipeline] entry=1013 gun_calls=510 targets=510 no_targets=0 scan_empty=363 scan_nonempty=147 scan_hits=6649 selection=147 selected=147 fire_calls=147 attack_set=13 fire_abort_viewangles=0 fire_history_pushed=0 fire_history_missing=0 gate_inactive=0 gate_no_enemies=0 gate_disabled=0 gate_cannot_shoot=503
[2026-10-02 00:32:34.129] [DEBUG] [P24136:T9800] [rage-diag:scan] prepare_calls=2040 prepare_invalid=0 prepare_fov=0 prepare_geometry=0 prepared_points=42840 points=42840 invalid_hitbox=0 fov=0 budget=0 penetration_failed=36191 damage=0 headgroup=0 accepted=6649
[2026-10-02 00:32:34.129] [DEBUG] [P24136:T9800] [rage-diag:penetration] pen_calls=42881 no_weapon_damage=0 tls_failed=0 invalid_filter=0 no_trace_hits=0 contacts=112646 damage_exhausted=79079 contact_mismatch=69769 no_target_hit=36202 geometry_miss=0 pen_success=6679 pen_contact_accept=0 pen_geometry_accept=6679
[2026-10-02 00:32:34.129] [DEBUG] [P24136:T9800] [rage-diag:config] patch=scan-v1 item=4 no_spread=1 max_fov=180.00 min_damage=34.00 damage_override=0 override_value=11.00 weapon_damage=30.00 range=4096.00 penetration=1.00 range_modifier=0.8500
[2026-10-02 00:32:34.130] [DEBUG] [P24136:T9800] rage perf: rage_total calls=1013 avg_ms=0.518 max_ms=2.792
[2026-10-02 00:32:34.130] [DEBUG] [P24136:T9800] rage perf: gather calls=510 avg_ms=0.025 max_ms=0.149
[2026-10-02 00:32:34.130] [DEBUG] [P24136:T9800] rage perf: prepare_scan calls=2040 avg_ms=0.005 max_ms=0.126
[2026-10-02 00:32:34.130] [DEBUG] [P24136:T9800] rage perf: selection calls=147 avg_ms=0.003 max_ms=0.015
[2026-10-02 00:32:35.001] [DEBUG] [P24136:T9800] [rage-eye:v3] source=current-eye native=(nan,nan,nan) eye=(-448.076,-1779.073,-112.064) selected=(-448.076,-1779.073,-112.064)
[2026-10-02 00:32:35.002] [DEBUG] [P24136:T9800] [rage-shot:v1] shot=334 report=25 suppressed=309 limit=32 tick=3630 stamp=(3631,0.000000) record_tick=3629 target=5ce0b37e800 item=4 no_spread=1 forced=0 hc=1.00000 required_hc=0.00000 scan_damage=-nan hitgroup=1 history=1 attack=1 command_aim=(-0.1858,10.6100,-48.3877)
[2026-10-02 00:32:35.002] [DEBUG] [P24136:T9800] [rage-shot:v1] shot=334 phase=scan method=geometry segment=0 count=2 target_fraction=0.3411709 target_distance=1397.436 range=4096.000 first_boundary=0.6367163 first_boundary_distance=2607.990 relation=inside damage_raw=24.2203 damage_scaled=-nan visibility_blocked=1 start=(-448.076,-1779.073,-112.064) requested_end=(928.150,-1521.271,-105.616)
[2026-10-02 00:32:35.002] [DEBUG] [P24136:T9800] [rage-shot:v1] shot=334 phase=scan role=previous present=0 index=-1 enter=0.0000000 exit=0.0000000 damage=0.0000 team_raw=0 enter_ix=0000 exit_ix=0000 flags_raw=00 target_minus_enter=0.3411709 exit_minus_target=-0.3411709
[2026-10-02 00:32:35.002] [DEBUG] [P24136:T9800] [rage-shot:v1] shot=334 phase=scan role=chosen present=1 index=0 enter=0.0000000 exit=0.6367163 damage=24.2203 team_raw=4 enter_ix=0000 exit_ix=0000 flags_raw=00 target_minus_enter=0.3411709 exit_minus_target=0.2955454
[2026-10-02 00:32:35.002] [DEBUG] [P24136:T9800] [rage-shot:v1] shot=334 phase=scan role=next present=1 index=1 enter=0.6367163 exit=1.0000000 damage=0.0000 team_raw=4 enter_ix=0000 exit_ix=0001 flags_raw=01 target_minus_enter=-0.2955454 exit_minus_target=0.6588291
[2026-10-02 00:32:35.002] [DEBUG] [P24136:T9800] [rage-shot:v1] shot=334 phase=final-no-spread method=geometry segment=0 count=2 target_fraction=0.3411871 target_distance=1397.502 range=4096.000 first_boundary=0.6367162 first_boundary_distance=2607.990 relation=inside damage_raw=24.2203 damage_scaled=-nan visibility_blocked=1 start=(-448.076,-1779.073,-112.064) requested_end=(3577.853,-1024.914,-93.203)
[2026-10-02 00:32:35.002] [DEBUG] [P24136:T9800] [rage-shot:v1] shot=334 phase=final-no-spread role=previous present=0 index=-1 enter=0.0000000 exit=0.0000000 damage=0.0000 team_raw=0 enter_ix=0000 exit_ix=0000 flags_raw=00 target_minus_enter=0.3411871 exit_minus_target=-0.3411871
[2026-10-02 00:32:35.002] [DEBUG] [P24136:T9800] [rage-shot:v1] shot=334 phase=final-no-spread role=chosen present=1 index=0 enter=0.0000000 exit=0.6367162 damage=24.2203 team_raw=4 enter_ix=0000 exit_ix=0000 flags_raw=00 target_minus_enter=0.3411871 exit_minus_target=0.2955292
[2026-10-02 00:32:35.002] [DEBUG] [P24136:T9800] [rage-shot:v1] shot=334 phase=final-no-spread role=next present=1 index=1 enter=0.6367162 exit=1.0000000 damage=0.0000 team_raw=4 enter_ix=0000 exit_ix=0001 flags_raw=01 target_minus_enter=-0.2955292 exit_minus_target=0.6588129
[2026-10-02 00:32:36.010] [DEBUG] [P24136:T9800] [rage-shot:v1] shot=360 report=26 suppressed=334 limit=32 tick=3695 stamp=(3696,0.000000) record_tick=3693 target=5ce0b37e800 item=4 no_spread=1 forced=0 hc=1.00000 required_hc=0.00000 scan_damage=-nan hitgroup=1 history=1 attack=1 command_aim=(-3.0064,0.1669,-158.7561)
[2026-10-02 00:32:36.010] [DEBUG] [P24136:T9800] [rage-shot:v1] shot=360 phase=scan method=geometry segment=0 count=2 target_fraction=0.2811159 target_distance=1151.451 range=4096.000 first_boundary=0.5340627 first_boundary_distance=2187.521 relation=inside damage_raw=26.1306 damage_scaled=-nan visibility_blocked=1 start=(-225.199,-1697.660,-104.000) requested_end=(926.856,-1694.296,-40.608)
[2026-10-02 00:32:36.010] [DEBUG] [P24136:T9800] [rage-shot:v1] shot=360 phase=scan role=previous present=0 index=-1 enter=0.0000000 exit=0.0000000 damage=0.0000 team_raw=0 enter_ix=0000 exit_ix=0000 flags_raw=00 target_minus_enter=0.2811159 exit_minus_target=-0.2811159
[2026-10-02 00:32:36.010] [DEBUG] [P24136:T9800] [rage-shot:v1] shot=360 phase=scan role=chosen present=1 index=0 enter=0.0000000 exit=0.5340627 damage=26.1306 team_raw=4 enter_ix=0000 exit_ix=0000 flags_raw=00 target_minus_enter=0.2811159 exit_minus_target=0.2529468
[2026-10-02 00:32:36.010] [DEBUG] [P24136:T9800] [rage-shot:v1] shot=360 phase=scan role=next present=1 index=1 enter=0.5340627 exit=1.0000000 damage=0.0000 team_raw=4 enter_ix=0000 exit_ix=0001 flags_raw=01 target_minus_enter=-0.2529468 exit_minus_target=0.7188841
[2026-10-02 00:32:36.010] [DEBUG] [P24136:T9800] [rage-shot:v1] shot=360 phase=final-no-spread method=geometry segment=0 count=2 target_fraction=0.2810758 target_distance=1151.286 range=4096.000 first_boundary=0.5340565 first_boundary_distance=2187.496 relation=inside damage_raw=26.1309 damage_scaled=-nan visibility_blocked=1 start=(-225.199,-1697.660,-104.000) requested_end=(3864.945,-1685.748,114.637)
[2026-10-02 00:32:36.010] [DEBUG] [P24136:T9800] [rage-shot:v1] shot=360 phase=final-no-spread role=previous present=0 index=-1 enter=0.0000000 exit=0.0000000 damage=0.0000 team_raw=0 enter_ix=0000 exit_ix=0000 flags_raw=00 target_minus_enter=0.2810758 exit_minus_target=-0.2810758
[2026-10-02 00:32:36.010] [DEBUG] [P24136:T9800] [rage-shot:v1] shot=360 phase=final-no-spread role=chosen present=1 index=0 enter=0.0000000 exit=0.5340565 damage=26.1309 team_raw=4 enter_ix=0000 exit_ix=0000 flags_raw=00 target_minus_enter=0.2810758 exit_minus_target=0.2529807
[2026-10-02 00:32:36.010] [DEBUG] [P24136:T9800] [rage-shot:v1] shot=360 phase=final-no-spread role=next present=1 index=1 enter=0.5340565 exit=1.0000000 damage=0.0000 team_raw=4 enter_ix=0000 exit_ix=0001 flags_raw=01 target_minus_enter=-0.2529807 exit_minus_target=0.7189242
[2026-10-02 00:32:36.917] [WARN ] [P24136:T9800] [fsn-diag] stage=0 ctlptr=0x7ffccbe88008 ctl=0x5cde85cc400 shutdown=0
[2026-10-02 00:32:37.017] [DEBUG] [P24136:T9800] [rage-shot:v1] shot=385 report=27 suppressed=358 limit=32 tick=3759 stamp=(3759,0.000000) record_tick=3758 target=5ce0b37e800 item=4 no_spread=1 forced=0 hc=1.00000 required_hc=0.00000 scan_damage=-nan hitgroup=1 history=1 attack=1 command_aim=(-5.0525,-13.6286,9.8174)
[2026-10-02 00:32:37.017] [DEBUG] [P24136:T9800] [rage-shot:v1] shot=385 phase=scan method=geometry segment=0 count=2 target_fraction=0.2435852 target_distance=997.725 range=4096.000 first_boundary=0.5968590 first_boundary_distance=2444.735 relation=inside damage_raw=27.8705 damage_scaled=-nan visibility_blocked=1 start=(-19.107,-1682.117,-104.000) requested_end=(948.157,-1917.460,-8.296)
[2026-10-02 00:32:37.017] [DEBUG] [P24136:T9800] [rage-shot:v1] shot=385 phase=scan role=previous present=0 index=-1 enter=0.0000000 exit=0.0000000 damage=0.0000 team_raw=0 enter_ix=0000 exit_ix=0000 flags_raw=00 target_minus_enter=0.2435852 exit_minus_target=-0.2435852
[2026-10-02 00:32:37.017] [DEBUG] [P24136:T9800] [rage-shot:v1] shot=385 phase=scan role=chosen present=1 index=0 enter=0.0000000 exit=0.5968590 damage=27.8705 team_raw=4 enter_ix=8000 exit_ix=0000 flags_raw=38 target_minus_enter=0.2435852 exit_minus_target=0.3532738
[2026-10-02 00:32:37.017] [DEBUG] [P24136:T9800] [rage-shot:v1] shot=385 phase=scan role=next present=1 index=1 enter=0.5968590 exit=1.0000000 damage=0.0000 team_raw=4 enter_ix=8000 exit_ix=0000 flags_raw=39 target_minus_enter=-0.3532738 exit_minus_target=0.7564148
[2026-10-02 00:32:37.017] [DEBUG] [P24136:T9800] [rage-shot:v1] shot=385 phase=final-no-spread method=geometry segment=0 count=2 target_fraction=0.2433005 target_distance=996.559 range=4096.000 first_boundary=0.5967537 first_boundary_distance=2444.303 relation=inside damage_raw=27.8714 damage_scaled=-nan visibility_blocked=1 start=(-19.107,-1682.117,-104.000) requested_end=(3944.147,-2643.025,278.739)
[2026-10-02 00:32:37.018] [DEBUG] [P24136:T9800] [rage-shot:v1] shot=385 phase=final-no-spread role=previous present=0 index=-1 enter=0.0000000 exit=0.0000000 damage=0.0000 team_raw=0 enter_ix=0000 exit_ix=0000 flags_raw=00 target_minus_enter=0.2433005 exit_minus_target=-0.2433005
[2026-10-02 00:32:37.018] [DEBUG] [P24136:T9800] [rage-shot:v1] shot=385 phase=final-no-spread role=chosen present=1 index=0 enter=0.0000000 exit=0.5967537 damage=27.8714 team_raw=4 enter_ix=8000 exit_ix=0000 flags_raw=18 target_minus_enter=0.2433005 exit_minus_target=0.3534532
[2026-10-02 00:32:37.018] [DEBUG] [P24136:T9800] [rage-shot:v1] shot=385 phase=final-no-spread role=next present=1 index=1 enter=0.5967537 exit=1.0000000 damage=0.0000 team_raw=4 enter_ix=8000 exit_ix=0000 flags_raw=19 target_minus_enter=-0.3534532 exit_minus_target=0.7566996
[2026-10-02 00:32:37.490] [WARN ] [P24136:T9800] [local-diag] ctl=0x5cde85cc400 elist=0x5cd2f440000 empty=0 off_pawn=1724 off_hp=844 off_team=999 pawn_h=0x901a1 pawn=0x5cdd30e5800 hp=100 vm=0x7ffccbeb6910 gv=0x7ffccbb7be98
[2026-10-02 00:32:38.040] [DEBUG] [P24136:T9800] [rage-shot:v1] shot=405 report=28 suppressed=377 limit=32 tick=3825 stamp=(3825,0.000000) record_tick=3823 target=5ce0b37e800 item=4 no_spread=1 forced=0 hc=1.00000 required_hc=0.00000 scan_damage=-nan hitgroup=2 history=1 attack=1 command_aim=(-5.8008,-31.6290,38.7309)
[2026-10-02 00:32:38.040] [DEBUG] [P24136:T9800] [rage-shot:v1] shot=405 phase=scan method=geometry segment=0 count=2 target_fraction=0.2540956 target_distance=1040.775 range=4096.000 first_boundary=0.5227355 first_boundary_distance=2141.125 relation=inside damage_raw=28.4096 damage_scaled=-nan visibility_blocked=1 start=(57.082,-1575.352,-110.805) requested_end=(941.308,-2119.949,-2.659)
[2026-10-02 00:32:38.040] [DEBUG] [P24136:T9800] [rage-shot:v1] shot=405 phase=scan role=previous present=0 index=-1 enter=0.0000000 exit=0.0000000 damage=0.0000 team_raw=0 enter_ix=0000 exit_ix=0000 flags_raw=00 target_minus_enter=0.2540956 exit_minus_target=-0.2540956
[2026-10-02 00:32:38.040] [DEBUG] [P24136:T9800] [rage-shot:v1] shot=405 phase=scan role=chosen present=1 index=0 enter=0.0000000 exit=0.5227355 damage=28.4096 team_raw=4 enter_ix=8000 exit_ix=0000 flags_raw=5a target_minus_enter=0.2540956 exit_minus_target=0.2686399
[2026-10-02 00:32:38.040] [DEBUG] [P24136:T9800] [rage-shot:v1] shot=405 phase=scan role=next present=1 index=1 enter=0.5227355 exit=1.0000000 damage=0.0000 team_raw=4 enter_ix=8000 exit_ix=0001 flags_raw=5b target_minus_enter=-0.2686399 exit_minus_target=0.7459044
[2026-10-02 00:32:38.040] [DEBUG] [P24136:T9800] [rage-shot:v1] shot=405 phase=final-no-spread method=geometry segment=0 count=2 target_fraction=0.2540955 target_distance=1040.775 range=4096.000 first_boundary=0.5227354 first_boundary_distance=2141.124 relation=inside damage_raw=28.4096 damage_scaled=-nan visibility_blocked=1 start=(57.082,-1575.352,-110.805) requested_end=(3525.910,-3711.812,313.453)
[2026-10-02 00:32:38.040] [DEBUG] [P24136:T9800] [rage-shot:v1] shot=405 phase=final-no-spread role=previous present=0 index=-1 enter=0.0000000 exit=0.0000000 damage=0.0000 team_raw=0 enter_ix=0000 exit_ix=0000 flags_raw=00 target_minus_enter=0.2540955 exit_minus_target=-0.2540955
[2026-10-02 00:32:38.040] [DEBUG] [P24136:T9800] [rage-shot:v1] shot=405 phase=final-no-spread role=chosen present=1 index=0 enter=0.0000000 exit=0.5227354 damage=28.4096 team_raw=4 enter_ix=8000 exit_ix=0000 flags_raw=5a target_minus_enter=0.2540955 exit_minus_target=0.2686399
[2026-10-02 00:32:38.040] [DEBUG] [P24136:T9800] [rage-shot:v1] shot=405 phase=final-no-spread role=next present=1 index=1 enter=0.5227354 exit=1.0000000 damage=0.0000 team_raw=4 enter_ix=8000 exit_ix=0001 flags_raw=5b target_minus_enter=-0.2686399 exit_minus_target=0.7459045
[2026-10-02 00:32:39.133] [DEBUG] [P24136:T9800] [rage-diag:pipeline] entry=1187 gun_calls=214 targets=214 no_targets=0 scan_empty=0 scan_nonempty=214 scan_hits=16918 selection=214 selected=214 fire_calls=214 attack_set=79 fire_abort_viewangles=0 fire_history_pushed=0 fire_history_missing=0 gate_inactive=0 gate_no_enemies=0 gate_disabled=0 gate_cannot_shoot=973
[2026-10-02 00:32:39.133] [DEBUG] [P24136:T9800] [rage-diag:scan] prepare_calls=856 prepare_invalid=0 prepare_fov=0 prepare_geometry=0 prepared_points=17976 points=17976 invalid_hitbox=0 fov=0 budget=0 penetration_failed=1058 damage=0 headgroup=0 accepted=16918
[2026-10-02 00:32:39.133] [DEBUG] [P24136:T9800] [rage-diag:penetration] pen_calls=18055 no_weapon_damage=0 tls_failed=0 invalid_filter=0 no_trace_hits=0 contacts=36114 damage_exhausted=16365 contact_mismatch=20807 no_target_hit=1058 geometry_miss=0 pen_success=16997 pen_contact_accept=0 pen_geometry_accept=16997
[2026-10-02 00:32:39.133] [DEBUG] [P24136:T9800] [rage-diag:config] patch=scan-v1 item=526 no_spread=0 max_fov=180.00 min_damage=35.00 damage_override=0 override_value=11.00 weapon_damage=50.00 range=4096.00 penetration=1.00 range_modifier=0.9900
[2026-10-02 00:32:39.133] [DEBUG] [P24136:T9800] rage perf: rage_total calls=1187 avg_ms=0.182 max_ms=1.825
[2026-10-02 00:32:39.133] [DEBUG] [P24136:T9800] rage perf: gather calls=214 avg_ms=0.025 max_ms=0.106
[2026-10-02 00:32:39.133] [DEBUG] [P24136:T9800] rage perf: prepare_scan calls=856 avg_ms=0.005 max_ms=0.063
[2026-10-02 00:32:39.133] [DEBUG] [P24136:T9800] rage perf: selection calls=214 avg_ms=0.004 max_ms=0.013
[2026-10-02 00:32:41.917] [WARN ] [P24136:T9800] [fsn-diag] stage=0 ctlptr=0x7ffccbe88008 ctl=0x5cde85cc400 shutdown=0
[2026-10-02 00:32:42.064] [DEBUG] [P24136:T9800] [rage-eye:v3] source=current-eye native=(nan,nan,nan) eye=(48.982,-2176.423,24.031) selected=(48.982,-2176.423,24.031)
[2026-10-02 00:32:42.065] [DEBUG] [P24136:T9800] [rage-shot:v1] shot=413 report=29 suppressed=384 limit=32 tick=4082 stamp=(4083,0.000000) record_tick=4081 target=5ce0b37e800 item=4 no_spread=1 forced=0 hc=1.00000 required_hc=0.00000 scan_damage=-nan hitgroup=1 history=1 attack=1 command_aim=(0.2726,-8.0256,125.3815)
[2026-10-02 00:32:42.065] [DEBUG] [P24136:T9800] [rage-shot:v1] shot=413 phase=scan method=geometry segment=0 count=2 target_fraction=0.1143591 target_distance=468.415 range=4096.000 first_boundary=0.2803439 first_boundary_distance=1148.289 relation=inside damage_raw=29.4244 damage_scaled=-nan visibility_blocked=1 start=(48.982,-2176.423,24.031) requested_end=(515.181,-2242.156,23.108)
[2026-10-02 00:32:42.065] [DEBUG] [P24136:T9800] [rage-shot:v1] shot=413 phase=scan role=previous present=0 index=-1 enter=0.0000000 exit=0.0000000 damage=0.0000 team_raw=0 enter_ix=0000 exit_ix=0000 flags_raw=00 target_minus_enter=0.1143591 exit_minus_target=-0.1143591
[2026-10-02 00:32:42.065] [DEBUG] [P24136:T9800] [rage-shot:v1] shot=413 phase=scan role=chosen present=1 index=0 enter=0.0000000 exit=0.2803439 damage=29.4244 team_raw=4 enter_ix=0000 exit_ix=0000 flags_raw=32 target_minus_enter=0.1143591 exit_minus_target=0.1659849
[2026-10-02 00:32:42.065] [DEBUG] [P24136:T9800] [rage-shot:v1] shot=413 phase=scan role=next present=1 index=1 enter=0.2803439 exit=1.0000000 damage=0.0000 team_raw=4 enter_ix=0000 exit_ix=0002 flags_raw=33 target_minus_enter=-0.1659849 exit_minus_target=0.8856409
[2026-10-02 00:32:42.065] [DEBUG] [P24136:T9800] [rage-shot:v1] shot=413 phase=final-no-spread method=geometry segment=0 count=2 target_fraction=0.1143591 target_distance=468.415 range=4096.000 first_boundary=0.2803439 first_boundary_distance=1148.289 relation=inside damage_raw=29.4244 damage_scaled=-nan visibility_blocked=1 start=(48.982,-2176.423,24.031) requested_end=(4104.858,-2748.286,15.999)
[2026-10-02 00:32:42.065] [DEBUG] [P24136:T9800] [rage-shot:v1] shot=413 phase=final-no-spread role=previous present=0 index=-1 enter=0.0000000 exit=0.0000000 damage=0.0000 team_raw=0 enter_ix=0000 exit_ix=0000 flags_raw=00 target_minus_enter=0.1143591 exit_minus_target=-0.1143591
[2026-10-02 00:32:42.065] [DEBUG] [P24136:T9800] [rage-shot:v1] shot=413 phase=final-no-spread role=chosen present=1 index=0 enter=0.0000000 exit=0.2803439 damage=29.4244 team_raw=4 enter_ix=0000 exit_ix=0000 flags_raw=30 target_minus_enter=0.1143591 exit_minus_target=0.1659849
[2026-10-02 00:32:42.065] [DEBUG] [P24136:T9800] [rage-shot:v1] shot=413 phase=final-no-spread role=next present=1 index=1 enter=0.2803439 exit=1.0000000 damage=0.0000 team_raw=4 enter_ix=0000 exit_ix=0002 flags_raw=31 target_minus_enter=-0.1659849 exit_minus_target=0.8856409
[2026-10-02 00:32:42.491] [WARN ] [P24136:T9800] [local-diag] ctl=0x5cde85cc400 elist=0x5cd2f440000 empty=0 off_pawn=1724 off_hp=844 off_team=999 pawn_h=0x901a1 pawn=0x5cdd30e5800 hp=100 vm=0x7ffccbeb6910 gv=0x7ffccbb7be98
[2026-10-02 00:32:43.085] [DEBUG] [P24136:T9800] [rage-shot:v1] shot=434 report=30 suppressed=404 limit=32 tick=4148 stamp=(4149,0.000000) record_tick=4146 target=5ce0b37e800 item=4 no_spread=1 forced=0 hc=1.00000 required_hc=0.00000 scan_damage=-nan hitgroup=1 history=1 attack=1 command_aim=(0.3932,5.1581,54.4594)
[2026-10-02 00:32:43.085] [DEBUG] [P24136:T9800] [rage-shot:v1] shot=434 phase=scan method=contact segment=0 count=4 target_fraction=0.0648169 target_distance=265.490 range=4096.000 first_boundary=0.2307732 first_boundary_distance=945.247 relation=inside damage_raw=27.5197 damage_scaled=-nan visibility_blocked=1 start=(191.856,-2325.287,24.000) requested_end=(458.674,-2301.201,23.313)
[2026-10-02 00:32:43.085] [DEBUG] [P24136:T9800] [rage-shot:v1] shot=434 phase=scan role=previous present=0 index=-1 enter=0.0000000 exit=0.0000000 damage=0.0000 team_raw=0 enter_ix=0000 exit_ix=0000 flags_raw=00 target_minus_enter=0.0648169 exit_minus_target=-0.0648169
[2026-10-02 00:32:43.085] [DEBUG] [P24136:T9800] [rage-shot:v1] shot=434 phase=scan role=chosen present=1 index=0 enter=0.0000000 exit=0.2307732 damage=27.5197 team_raw=4 enter_ix=0000 exit_ix=0000 flags_raw=00 target_minus_enter=0.0648169 exit_minus_target=0.1659563
[2026-10-02 00:32:43.085] [DEBUG] [P24136:T9800] [rage-shot:v1] shot=434 phase=scan role=next present=1 index=1 enter=0.2307732 exit=0.2348483 damage=9.5990 team_raw=3 enter_ix=0000 exit_ix=0001 flags_raw=01 target_minus_enter=-0.1659563 exit_minus_target=0.1700315
[2026-10-02 00:32:43.085] [DEBUG] [P24136:T9800] [rage-shot:v1] shot=434 phase=final-no-spread method=contact segment=0 count=4 target_fraction=0.0648169 target_distance=265.490 range=4096.000 first_boundary=0.2307732 first_boundary_distance=945.247 relation=inside damage_raw=27.5197 damage_scaled=-nan visibility_blocked=1 start=(191.856,-2325.287,24.000) requested_end=(4271.256,-1957.038,13.490)
[2026-10-02 00:32:43.085] [DEBUG] [P24136:T9800] [rage-shot:v1] shot=434 phase=final-no-spread role=previous present=0 index=-1 enter=0.0000000 exit=0.0000000 damage=0.0000 team_raw=0 enter_ix=0000 exit_ix=0000 flags_raw=00 target_minus_enter=0.0648169 exit_minus_target=-0.0648169
[2026-10-02 00:32:43.085] [DEBUG] [P24136:T9800] [rage-shot:v1] shot=434 phase=final-no-spread role=chosen present=1 index=0 enter=0.0000000 exit=0.2307732 damage=27.5197 team_raw=4 enter_ix=0000 exit_ix=0000 flags_raw=00 target_minus_enter=0.0648169 exit_minus_target=0.1659563
[2026-10-02 00:32:43.085] [DEBUG] [P24136:T9800] [rage-shot:v1] shot=434 phase=final-no-spread role=next present=1 index=1 enter=0.2307732 exit=0.2348483 damage=9.5990 team_raw=3 enter_ix=0000 exit_ix=0001 flags_raw=01 target_minus_enter=-0.1659563 exit_minus_target=0.1700315
[2026-10-02 00:32:44.118] [DEBUG] [P24136:T9800] [rage-shot:v1] shot=467 report=31 suppressed=436 limit=32 tick=4214 stamp=(4214,0.000000) record_tick=4212 target=5ce0b37e800 item=4 no_spread=1 forced=0 hc=1.00000 required_hc=0.00000 scan_damage=-nan hitgroup=1 history=1 attack=1 command_aim=(-44.7747,-32.7363,-54.5472)
[2026-10-02 00:32:44.118] [DEBUG] [P24136:T9800] [rage-shot:v1] shot=467 phase=scan method=contact segment=0 count=6 target_fraction=0.0173041 target_distance=70.878 range=4096.000 first_boundary=0.2164484 first_boundary_distance=886.573 relation=inside damage_raw=29.3168 damage_scaled=-nan visibility_blocked=1 start=(420.635,-2289.638,24.000) requested_end=(463.595,-2317.256,75.604)
[2026-10-02 00:32:44.118] [DEBUG] [P24136:T9800] [rage-shot:v1] shot=467 phase=scan role=previous present=0 index=-1 enter=0.0000000 exit=0.0000000 damage=0.0000 team_raw=0 enter_ix=0000 exit_ix=0000 flags_raw=00 target_minus_enter=0.0173041 exit_minus_target=-0.0173041
[2026-10-02 00:32:44.118] [DEBUG] [P24136:T9800] [rage-shot:v1] shot=467 phase=scan role=chosen present=1 index=0 enter=0.0000000 exit=0.2164484 damage=29.3168 team_raw=4 enter_ix=0000 exit_ix=0000 flags_raw=00 target_minus_enter=0.0173041 exit_minus_target=0.1991443
[2026-10-02 00:32:44.118] [DEBUG] [P24136:T9800] [rage-shot:v1] shot=467 phase=scan role=next present=1 index=1 enter=0.2164484 exit=0.2339833 damage=10.5997 team_raw=3 enter_ix=0000 exit_ix=0001 flags_raw=01 target_minus_enter=-0.1991443 exit_minus_target=0.2166792
[2026-10-02 00:32:44.118] [DEBUG] [P24136:T9800] [rage-shot:v1] shot=467 phase=final-no-spread method=contact segment=0 count=4 target_fraction=0.0171656 target_distance=70.310 range=4096.000 first_boundary=0.2100872 first_boundary_distance=860.517 relation=inside damage_raw=29.3222 damage_scaled=-nan visibility_blocked=1 start=(420.635,-2289.638,24.000) requested_end=(2865.652,-3861.497,2909.892)
[2026-10-02 00:32:44.118] [DEBUG] [P24136:T9800] [rage-shot:v1] shot=467 phase=final-no-spread role=previous present=0 index=-1 enter=0.0000000 exit=0.0000000 damage=0.0000 team_raw=0 enter_ix=0000 exit_ix=0000 flags_raw=00 target_minus_enter=0.0171656 exit_minus_target=-0.0171656
[2026-10-02 00:32:44.118] [DEBUG] [P24136:T9800] [rage-shot:v1] shot=467 phase=final-no-spread role=chosen present=1 index=0 enter=0.0000000 exit=0.2100872 damage=29.3222 team_raw=4 enter_ix=0000 exit_ix=0000 flags_raw=00 target_minus_enter=0.0171656 exit_minus_target=0.1929215
[2026-10-02 00:32:44.118] [DEBUG] [P24136:T9800] [rage-shot:v1] shot=467 phase=final-no-spread role=next present=1 index=1 enter=0.2100872 exit=0.2307675 damage=9.9129 team_raw=3 enter_ix=0000 exit_ix=0001 flags_raw=01 target_minus_enter=-0.1929215 exit_minus_target=0.2136018
[2026-10-02 00:32:44.135] [DEBUG] [P24136:T9800] [rage-diag:pipeline] entry=1317 gun_calls=94 targets=94 no_targets=0 scan_empty=0 scan_nonempty=94 scan_hits=7695 selection=94 selected=94 fire_calls=94 attack_set=55 fire_abort_viewangles=0 fire_history_pushed=0 fire_history_missing=0 gate_inactive=0 gate_no_enemies=0 gate_disabled=0 gate_cannot_shoot=784
[2026-10-02 00:32:44.135] [DEBUG] [P24136:T9800] [rage-diag:scan] prepare_calls=376 prepare_invalid=0 prepare_fov=0 prepare_geometry=0 prepared_points=7896 points=7896 invalid_hitbox=0 fov=0 budget=0 penetration_failed=30 damage=0 headgroup=171 accepted=7695
[2026-10-02 00:32:44.135] [DEBUG] [P24136:T9800] [rage-diag:penetration] pen_calls=7982 no_weapon_damage=0 tls_failed=0 invalid_filter=0 no_trace_hits=0 contacts=26824 damage_exhausted=1275 contact_mismatch=1299 no_target_hit=30 geometry_miss=0 pen_success=7952 pen_contact_accept=6737 pen_geometry_accept=1215
[2026-10-02 00:32:44.135] [DEBUG] [P24136:T9800] [rage-diag:config] patch=scan-v1 item=4 no_spread=1 max_fov=180.00 min_damage=34.00 damage_override=0 override_value=11.00 weapon_damage=30.00 range=4096.00 penetration=1.00 range_modifier=0.8500
[2026-10-02 00:32:44.135] [DEBUG] [P24136:T9800] rage perf: rage_total calls=1317 avg_ms=0.098 max_ms=1.694
[2026-10-02 00:32:44.135] [DEBUG] [P24136:T9800] rage perf: gather calls=94 avg_ms=0.025 max_ms=0.092
[2026-10-02 00:32:44.135] [DEBUG] [P24136:T9800] rage perf: prepare_scan calls=376 avg_ms=0.005 max_ms=0.022
[2026-10-02 00:32:44.135] [DEBUG] [P24136:T9800] rage perf: selection calls=94 avg_ms=0.004 max_ms=0.006
[2026-10-02 00:32:45.154] [DEBUG] [P24136:T9800] [rage-shot:v1] shot=499 report=32 suppressed=467 limit=32 tick=4280 stamp=(4280,0.000000) record_tick=4278 target=5ce0b37e800 item=4 no_spread=1 forced=0 hc=1.00000 required_hc=0.00000 scan_damage=-nan hitgroup=1 history=2 attack=1 command_aim=(0.9391,-105.2178,-83.0904)
[2026-10-02 00:32:45.154] [DEBUG] [P24136:T9800] [rage-shot:v1] shot=499 phase=scan method=contact segment=0 count=4 target_fraction=0.0644845 target_distance=264.128 range=4096.000 first_boundary=0.1671995 first_boundary_distance=684.849 relation=inside damage_raw=27.5319 damage_scaled=-nan visibility_blocked=1 start=(529.315,-2082.504,24.000) requested_end=(459.353,-2339.691,24.536)
[2026-10-02 00:32:45.154] [DEBUG] [P24136:T9800] [rage-shot:v1] shot=499 phase=scan role=previous present=0 index=-1 enter=0.0000000 exit=0.0000000 damage=0.0000 team_raw=0 enter_ix=0000 exit_ix=0000 flags_raw=00 target_minus_enter=0.0644845 exit_minus_target=-0.0644845
[2026-10-02 00:32:45.154] [DEBUG] [P24136:T9800] [rage-shot:v1] shot=499 phase=scan role=chosen present=1 index=0 enter=0.0000000 exit=0.1671995 damage=27.5319 team_raw=4 enter_ix=0000 exit_ix=0000 flags_raw=00 target_minus_enter=0.0644845 exit_minus_target=0.1027151
[2026-10-02 00:32:45.154] [DEBUG] [P24136:T9800] [rage-shot:v1] shot=499 phase=scan role=next present=1 index=1 enter=0.1671995 exit=0.1701722 damage=9.6059 team_raw=3 enter_ix=0000 exit_ix=0001 flags_raw=01 target_minus_enter=-0.1027151 exit_minus_target=0.1056877
[2026-10-02 00:32:45.154] [DEBUG] [P24136:T9800] [rage-shot:v1] shot=499 phase=final-no-spread method=contact segment=0 count=4 target_fraction=0.0647508 target_distance=265.219 range=4096.000 first_boundary=0.2327807 first_boundary_distance=953.470 relation=inside damage_raw=27.5222 damage_scaled=-nan visibility_blocked=1 start=(529.315,-2082.504,24.000) requested_end=(-545.746,-6034.535,-29.916)
[2026-10-02 00:32:45.154] [DEBUG] [P24136:T9800] [rage-shot:v1] shot=499 phase=final-no-spread role=previous present=0 index=-1 enter=0.0000000 exit=0.0000000 damage=0.0000 team_raw=0 enter_ix=0000 exit_ix=0000 flags_raw=00 target_minus_enter=0.0647508 exit_minus_target=-0.0647508
[2026-10-02 00:32:45.154] [DEBUG] [P24136:T9800] [rage-shot:v1] shot=499 phase=final-no-spread role=chosen present=1 index=0 enter=0.0000000 exit=0.2327807 damage=27.5222 team_raw=4 enter_ix=0000 exit_ix=0000 flags_raw=00 target_minus_enter=0.0647508 exit_minus_target=0.1680300
[2026-10-02 00:32:45.154] [DEBUG] [P24136:T9800] [rage-shot:v1] shot=499 phase=final-no-spread role=next present=1 index=1 enter=0.2327807 exit=0.2354675 damage=10.1849 team_raw=3 enter_ix=0000 exit_ix=0001 flags_raw=01 target_minus_enter=-0.1680300 exit_minus_target=0.1707167
[2026-10-02 00:32:46.919] [WARN ] [P24136:T9800] [fsn-diag] stage=0 ctlptr=0x7ffccbe88008 ctl=0x5cde85cc400 shutdown=0
[2026-10-02 00:32:47.493] [WARN ] [P24136:T9800] [local-diag] ctl=0x5cde85cc400 elist=0x5cd2f440000 empty=0 off_pawn=1724 off_hp=844 off_team=999 pawn_h=0x901a1 pawn=0x5cdd30e5800 hp=100 vm=0x7ffccbeb6910 gv=0x7ffccbb7be98
[2026-10-02 00:32:49.135] [DEBUG] [P24136:T9800] [rage-diag:pipeline] entry=1195 gun_calls=80 targets=80 no_targets=0 scan_empty=0 scan_nonempty=80 scan_hits=6252 selection=80 selected=80 fire_calls=80 attack_set=56 fire_abort_viewangles=0 fire_history_pushed=0 fire_history_missing=0 gate_inactive=0 gate_no_enemies=571 gate_disabled=0 gate_cannot_shoot=544
[2026-10-02 00:32:49.135] [DEBUG] [P24136:T9800] [rage-diag:scan] prepare_calls=320 prepare_invalid=0 prepare_fov=0 prepare_geometry=0 prepared_points=6720 points=6720 invalid_hitbox=0 fov=0 budget=0 penetration_failed=199 damage=0 headgroup=269 accepted=6252
[2026-10-02 00:32:49.135] [DEBUG] [P24136:T9800] [rage-diag:penetration] pen_calls=6779 no_weapon_damage=0 tls_failed=0 invalid_filter=0 no_trace_hits=0 contacts=23826 damage_exhausted=1603 contact_mismatch=1801 no_target_hit=200 geometry_miss=0 pen_success=6579 pen_contact_accept=5376 pen_geometry_accept=1203
[2026-10-02 00:32:49.135] [DEBUG] [P24136:T9800] [rage-diag:config] patch=scan-v1 item=526 no_spread=0 max_fov=180.00 min_damage=35.00 damage_override=0 override_value=11.00 weapon_damage=50.00 range=4096.00 penetration=1.00 range_modifier=0.9900
[2026-10-02 00:32:49.135] [DEBUG] [P24136:T9800] rage perf: rage_total calls=1195 avg_ms=0.089 max_ms=1.942
[2026-10-02 00:32:49.135] [DEBUG] [P24136:T9800] rage perf: gather calls=80 avg_ms=0.025 max_ms=0.051
[2026-10-02 00:32:49.136] [DEBUG] [P24136:T9800] rage perf: prepare_scan calls=320 avg_ms=0.005 max_ms=0.019
[2026-10-02 00:32:49.136] [DEBUG] [P24136:T9800] rage perf: selection calls=80 avg_ms=0.004 max_ms=0.006
[2026-10-02 00:32:49.483] [DEBUG] [P24136:T9800] level shutdown: pre-engine cleanup
[2026-10-02 00:32:49.483] [INFO ] [P24136:T9800] [scoreboard_weapons] level change — state reset
[2026-10-02 00:32:49.483] [DEBUG] [P24136:T9800] level shutdown: cleanup complete
[2026-10-02 00:32:50.432] [WARN ] [P24136:T9800] [lobby-music] awaiting playback generation=5 kit=76 attempt=1 hook=1 refresh=1 thread=9800
[2026-10-02 00:32:50.450] [INFO ] [P24136:T9800] [game log] ClientPutInServer create new player controller [mintalynews.t.me]
[2026-10-02 00:32:50.667] [INFO ] [P24136:T9800] [game log] mintalynews.t.me подключается.
[2026-10-02 00:32:51.471] [INFO ] [P24136:T33584] [chams-state] enabled-mask=0x00 local-pawn=0000000000000000 generate-hook=1
[2026-10-02 00:32:51.919] [WARN ] [P24136:T9800] [fsn-diag] stage=7 ctlptr=0x7ffccbe88008 ctl=0x5cdd8dd4e00 shutdown=0
[2026-10-02 00:32:52.495] [WARN ] [P24136:T9800] [local-diag] ctl=0x5cdd8dd4e00 elist=0x5cd2f440000 empty=0 off_pawn=1724 off_hp=844 off_team=999 pawn_h=0x1dd0160 pawn=0x5cd787b7800 hp=0 vm=0x7ffccbeb6910 gv=0x7ffccbb7be98
[2026-10-02 00:32:52.586] [DEBUG] [P24136:T9800] level shutdown: pre-engine cleanup
[2026-10-02 00:32:52.587] [INFO ] [P24136:T9800] [scoreboard_weapons] level change — state reset
[2026-10-02 00:32:52.587] [DEBUG] [P24136:T9800] level shutdown: cleanup complete
