ea	name	file	category	depth	via	size_bytes
180087f70	FUN_180087f70	pipeline/180087F70_FUN_180087f70.txt	pipeline	0	seed:pipeline	2046
1800a3380	FUN_1800a3380	pipeline/1800A3380_FUN_1800a3380.txt	pipeline	0	seed:pipeline	4801
1800a1f10	FUN_1800a1f10	pipeline/1800A1F10_FUN_1800a1f10.txt	pipeline	0	seed:pipeline	3255
1800d5910	FUN_1800d5910	pipeline/1800D5910_FUN_1800d5910.txt	pipeline	0	seed:pipeline	453
1800bf260	FUN_1800bf260	pipeline/1800BF260_FUN_1800bf260.txt	pipeline	0	seed:pipeline	2943
1800beef0	FUN_1800beef0	pipeline/1800BEEF0_FUN_1800beef0.txt	pipeline	0	seed:pipeline	651
1800c0080	FUN_1800c0080	pipeline/1800C0080_FUN_1800c0080.txt	pipeline	0	seed:pipeline	1629
180108100	FUN_180108100	pipeline/180108100_FUN_180108100.txt	pipeline	0	seed:pipeline	1716
1800b8450	FUN_1800b8450	pipeline/1800B8450_FUN_1800b8450.txt	pipeline	0	seed:pipeline	358
180002150	FUN_180002150	pipeline/180002150_FUN_180002150.txt	pipeline	0	seed:pipeline	2231
180001690	FUN_180001690	pipeline/180001690_FUN_180001690.txt	pipeline	0	seed:pipeline	2729
180039560	FUN_180039560	pipeline/180039560_FUN_180039560.txt	pipeline	0	seed:pipeline	15790
180043550	FUN_180043550	hitchance/180043550_FUN_180043550.txt	hitchance	0	seed:hitchance	3488
180041210	FUN_180041210	hitchance/180041210_FUN_180041210.txt	hitchance	0	seed:hitchance	7536
18000c800	FUN_18000c800	hitchance/18000C800_FUN_18000c800.txt	hitchance	0	seed:hitchance	2265
1800d5530	FUN_1800d5530	hitchance/1800D5530_FUN_1800d5530.txt	hitchance	0	seed:hitchance	862
1800d1710	FUN_1800d1710	hitchance/1800D1710_FUN_1800d1710.txt	hitchance	0	seed:hitchance	1188
1800f7fa0	FUN_1800f7fa0	hitchance/1800F7FA0_FUN_1800f7fa0.txt	hitchance	0	seed:hitchance	4934
180131790	FUN_180131790	nospread/180131790_FUN_180131790.txt	nospread	0	seed:nospread	1009
180084040	FUN_180084040	nospread/180084040_FUN_180084040.txt	nospread	0	seed:nospread	15031
18006b980	FUN_18006b980	nospread/18006B980_FUN_18006b980.txt	nospread	0	seed:nospread	113
18006bff0	FUN_18006bff0	nospread/18006BFF0_FUN_18006bff0.txt	nospread	0	seed:nospread	113
180068c30	FUN_180068c30	nospread/180068C30_FUN_180068c30.txt	nospread	0	seed:nospread	688
18006b620	FUN_18006b620	nospread/18006B620_FUN_18006b620.txt	nospread	0	seed:nospread	113
1800675f0	FUN_1800675f0	nospread/1800675F0_FUN_1800675f0.txt	nospread	0	seed:nospread	737
18006aa30	FUN_18006aa30	nospread/18006AA30_FUN_18006aa30.txt	nospread	0	seed:nospread	1173
180069a40	FUN_180069a40	nospread/180069A40_FUN_180069a40.txt	nospread	0	seed:nospread	143
18010d790	FUN_18010d790	nospread/18010D790_FUN_18010d790.txt	nospread	0	seed:nospread	362
180163290	FUN_180163290	nospread/180163290_FUN_180163290.txt	nospread	0	seed:nospread	4100
180069ad0	FUN_180069ad0	nospread/180069AD0_FUN_180069ad0.txt	nospread	0	seed:nospread	384
180069f60	FUN_180069f60	nospread/180069F60_FUN_180069f60.txt	nospread	0	seed:nospread	2731
18010dde0	FUN_18010dde0	nospread/18010DDE0_FUN_18010dde0.txt	nospread	0	seed:nospread	211
180030050	FUN_180030050	nospread/180030050_FUN_180030050.txt	nospread	0	seed:nospread	523
180003bd0	FUN_180003bd0	nospread/180003BD0_FUN_180003bd0.txt	nospread	0	seed:nospread	7084
180113d50	FUN_180113d50	nospread/180113D50_FUN_180113d50.txt	nospread	0	seed:nospread	113
180113e50	FUN_180113e50	nospread/180113E50_FUN_180113e50.txt	nospread	0	seed:nospread	113
180113c50	FUN_180113c50	nospread/180113C50_FUN_180113c50.txt	nospread	0	seed:nospread	113
180113bd0	FUN_180113bd0	nospread/180113BD0_FUN_180113bd0.txt	nospread	0	seed:nospread	113
1800cba90	FUN_1800cba90	autowall_damage/1800CBA90_FUN_1800cba90.txt	autowall_damage	0	seed:autowall_damage	2237
180049950	FUN_180049950	autowall_damage/180049950_FUN_180049950.txt	autowall_damage	0	seed:autowall_damage	2875
180044dc0	FUN_180044dc0	autowall_damage/180044DC0_FUN_180044dc0.txt	autowall_damage	0	seed:autowall_damage	14335
180009db0	FUN_180009db0	autowall_damage/180009DB0_FUN_180009db0.txt	autowall_damage	0	seed:autowall_damage	1554
1800e4310	FUN_1800e4310	autowall_damage/1800E4310_FUN_1800e4310.txt	autowall_damage	0	seed:autowall_damage	4257
180115430	FUN_180115430	trace_geometry/180115430_FUN_180115430.txt	trace_geometry	0	seed:trace_geometry	197
180115500	FUN_180115500	trace_geometry/180115500_FUN_180115500.txt	trace_geometry	0	seed:trace_geometry	206
180115130	FUN_180115130	trace_geometry/180115130_FUN_180115130.txt	trace_geometry	0	seed:trace_geometry	317
180114ee0	FUN_180114ee0	trace_geometry/180114EE0_FUN_180114ee0.txt	trace_geometry	0	seed:trace_geometry	279
1801155d0	FUN_1801155d0	trace_geometry/1801155D0_FUN_1801155d0.txt	trace_geometry	0	seed:trace_geometry	404
180115000	FUN_180115000	trace_geometry/180115000_FUN_180115000.txt	trace_geometry	0	seed:trace_geometry	300
180115280	FUN_180115280	trace_geometry/180115280_FUN_180115280.txt	trace_geometry	0	seed:trace_geometry	208
180114dd0	FUN_180114dd0	trace_geometry/180114DD0_FUN_180114dd0.txt	trace_geometry	0	seed:trace_geometry	259
1800657a0	FUN_1800657a0	trace_geometry/1800657A0_FUN_1800657a0.txt	trace_geometry	0	seed:trace_geometry	2524
180066ce0	FUN_180066ce0	trace_geometry/180066CE0_FUN_180066ce0.txt	trace_geometry	0	seed:trace_geometry	2181
180069c50	FUN_180069c50	trace_geometry/180069C50_FUN_180069c50.txt	trace_geometry	0	seed:trace_geometry	295
1800aae50	FUN_1800aae50	trace_geometry/1800AAE50_FUN_1800aae50.txt	trace_geometry	0	seed:trace_geometry	7246
1800d2fd0	FUN_1800d2fd0	hitbox_backtrack/1800D2FD0_FUN_1800d2fd0.txt	hitbox_backtrack	0	seed:hitbox_backtrack	4845
18010d180	FUN_18010d180	hitbox_backtrack/18010D180_FUN_18010d180.txt	hitbox_backtrack	0	seed:hitbox_backtrack	344
180001180	FUN_180001180	hitbox_backtrack/180001180_FUN_180001180.txt	hitbox_backtrack	0	seed:hitbox_backtrack	1281
180109f30	FUN_180109f30	hitbox_backtrack/180109F30_FUN_180109f30.txt	hitbox_backtrack	0	seed:hitbox_backtrack	319
1800ce330	FUN_1800ce330	hitbox_backtrack/1800CE330_FUN_1800ce330.txt	hitbox_backtrack	0	seed:hitbox_backtrack	5156
18010dec0	FUN_18010dec0	pipeline/18010DEC0_FUN_18010dec0.txt	pipeline	1	FUN_180087f70 @180087fe6	11
1800699c0	FUN_1800699c0	pipeline/1800699C0_FUN_1800699c0.txt	pipeline	1	FUN_180087f70 @180088065	120
180034de0	FUN_180034de0	pipeline/180034DE0_FUN_180034de0.txt	pipeline	1	FUN_180087f70 @180088071	241
180038010	FUN_180038010	pipeline/180038010_FUN_180038010.txt	pipeline	1	FUN_180087f70 @18008807d	125
18010d150	FUN_18010d150	pipeline/18010D150_FUN_18010d150.txt	pipeline	1	FUN_180087f70 @180088110	41
180169a40	FUN_180169a40	pipeline/180169A40_FUN_180169a40.txt	pipeline	1	FUN_180087f70 @180088129	16
180169820	FUN_180169820	pipeline/180169820_FUN_180169820.txt	pipeline	1	FUN_180087f70 @18008813a	16
18010ddb0	FUN_18010ddb0	pipeline/18010DDB0_FUN_18010ddb0.txt	pipeline	1	FUN_180087f70 @18008819c	33
18010f0c0	FUN_18010f0c0	pipeline/18010F0C0_FUN_18010f0c0.txt	pipeline	1	FUN_180087f70 @1800881ae	1517
180078120	FUN_180078120	pipeline/180078120_FUN_180078120.txt	pipeline	1	FUN_180087f70 @1800881c4	47
180069130	FUN_180069130	pipeline/180069130_FUN_180069130.txt	pipeline	1	FUN_180087f70 @1800881d0	2004
1800b06a0	FUN_1800b06a0	pipeline/1800B06A0_FUN_1800b06a0.txt	pipeline	1	FUN_180087f70 @1800881df	339
180035ad0	FUN_180035ad0	pipeline/180035AD0_FUN_180035ad0.txt	pipeline	1	FUN_180087f70 @1800881f8	875
180089db0	FUN_180089db0	pipeline/180089DB0_FUN_180089db0.txt	pipeline	1	FUN_180087f70 @180088209	91
180037710	FUN_180037710	pipeline/180037710_FUN_180037710.txt	pipeline	1	FUN_180087f70 @18008828f	26
18007b3f0	FUN_18007b3f0	pipeline/18007B3F0_FUN_18007b3f0.txt	pipeline	1	FUN_180087f70 @1800882a8	307
180078260	FUN_180078260	pipeline/180078260_FUN_180078260.txt	pipeline	1	FUN_180087f70 @1800882b7	1881
180078ef0	FUN_180078ef0	pipeline/180078EF0_FUN_180078ef0.txt	pipeline	1	FUN_180087f70 @1800882c6	966
1800798e0	FUN_1800798e0	pipeline/1800798E0_FUN_1800798e0.txt	pipeline	1	FUN_180087f70 @1800882d5	2538
18007aa00	FUN_18007aa00	pipeline/18007AA00_FUN_18007aa00.txt	pipeline	1	FUN_180087f70 @1800882e4	1379
180078150	FUN_180078150	pipeline/180078150_FUN_180078150.txt	pipeline	1	FUN_180087f70 @1800882f3	260
18007a7d0	FUN_18007a7d0	pipeline/18007A7D0_FUN_18007a7d0.txt	pipeline	1	FUN_180087f70 @180088302	560
1801064c0	FUN_1801064c0	pipeline/1801064C0_FUN_1801064c0.txt	pipeline	1	FUN_180087f70 @180088365	247
1800a1e10	FUN_1800a1e10	pipeline/1800A1E10_FUN_1800a1e10.txt	pipeline	1	FUN_180087f70 @180088386	238
1800387e0	FUN_1800387e0	pipeline/1800387E0_FUN_1800387e0.txt	pipeline	1	FUN_180087f70 @1800883a7	132
18006c0c0	FUN_18006c0c0	pipeline/18006C0C0_FUN_18006c0c0.txt	pipeline	1	FUN_180087f70 @1800883d1	862
180089e10	FUN_180089e10	pipeline/180089E10_FUN_180089e10.txt	pipeline	1	FUN_180087f70 @1800883e1	115
180089e90	FUN_180089e90	pipeline/180089E90_FUN_180089e90.txt	pipeline	1	FUN_180087f70 @1800883f3	115
180038090	FUN_180038090	pipeline/180038090_FUN_180038090.txt	pipeline	1	FUN_180087f70 @180088471	772
180038870	FUN_180038870	pipeline/180038870_FUN_180038870.txt	pipeline	1	FUN_180087f70 @18008848d	1454
180031d20	FUN_180031d20	pipeline/180031D20_FUN_180031d20.txt	pipeline	1	FUN_180087f70 @1800884e2	2382
18007b640	FUN_18007b640	pipeline/18007B640_FUN_18007b640.txt	pipeline	1	FUN_180087f70 @18008853d	320
180076ed0	FUN_180076ed0	pipeline/180076ED0_FUN_180076ed0.txt	pipeline	1	FUN_180087f70 @18008854c	4232
180037730	FUN_180037730	pipeline/180037730_FUN_180037730.txt	pipeline	1	FUN_180087f70 @180088565	1334
1800b0880	FUN_1800b0880	pipeline/1800B0880_FUN_1800b0880.txt	pipeline	1	FUN_180087f70 @180088641	90
18008a0c0	FUN_18008a0c0	pipeline/18008A0C0_FUN_18008a0c0.txt	pipeline	1	FUN_180087f70 @18008867c	346
18010d2e0	FUN_18010d2e0	pipeline/18010D2E0_FUN_18010d2e0.txt	pipeline	1	FUN_180087f70 @180088683	1187
18016d040	FUN_18016d040	pipeline/18016D040_FUN_18016d040.txt	pipeline	1	FUN_1800a3380 @1800a34f0	131
18016d4e0	FUN_18016d4e0	pipeline/18016D4E0_FUN_18016d4e0.txt	pipeline	1	FUN_1800a3380 @1800a3526	129
18004a490	FUN_18004a490	pipeline/18004A490_FUN_18004a490.txt	pipeline	1	FUN_1800a3380 @1800a3600	225
1800e71b0	FUN_1800e71b0	pipeline/1800E71B0_FUN_1800e71b0.txt	pipeline	1	FUN_1800a3380 @1800a37b2	221
1800b8ce0	FUN_1800b8ce0	pipeline/1800B8CE0_FUN_1800b8ce0.txt	pipeline	1	FUN_1800a3380 @1800a3954	176
1800b4a00	FUN_1800b4a00	pipeline/1800B4A00_FUN_1800b4a00.txt	pipeline	1	FUN_1800a3380 @1800a3b24	194
1800ed670	FUN_1800ed670	pipeline/1800ED670_FUN_1800ed670.txt	pipeline	1	FUN_1800a3380 @1800a3d53	214
1800a0ff0	FUN_1800a0ff0	pipeline/1800A0FF0_FUN_1800a0ff0.txt	pipeline	1	FUN_1800a3380 @1800a3f65	335
1800bd4d0	FUN_1800bd4d0	pipeline/1800BD4D0_FUN_1800bd4d0.txt	pipeline	1	FUN_1800a3380 @1800a41fd	637
1800e7320	FUN_1800e7320	pipeline/1800E7320_FUN_1800e7320.txt	pipeline	1	FUN_1800a3380 @1800a42c3	551
1800b7300	FUN_1800b7300	pipeline/1800B7300_FUN_1800b7300.txt	pipeline	1	FUN_1800a3380 @1800a4555	606
1800b7e80	FUN_1800b7e80	pipeline/1800B7E80_FUN_1800b7e80.txt	pipeline	1	FUN_1800a1f10 @1800a22f9	309
18016afe0	FUN_18016afe0	pipeline/18016AFE0_FUN_18016afe0.txt	pipeline	1	FUN_1800a1f10 @1800a230c	90
1800a4dc0	FUN_1800a4dc0	pipeline/1800A4DC0_FUN_1800a4dc0.txt	pipeline	1	FUN_1800a1f10 @1800a23ee	775
1800a3120	FUN_1800a3120	pipeline/1800A3120_FUN_1800a3120.txt	pipeline	1	FUN_1800a1f10 @1800a2565	313
1800a2ed0	FUN_1800a2ed0	pipeline/1800A2ED0_FUN_1800a2ed0.txt	pipeline	1	FUN_1800a1f10 @1800a26f2	540
1800a5150	FUN_1800a5150	pipeline/1800A5150_FUN_1800a5150.txt	pipeline	1	FUN_1800a1f10 @1800a2acf	2034
1800e2750	FUN_1800e2750	pipeline/1800E2750_FUN_1800e2750.txt	pipeline	1	FUN_1800bf260 @1800bf3d0	772
1800e3230	FUN_1800e3230	pipeline/1800E3230_FUN_1800e3230.txt	pipeline	1	FUN_1800bf260 @1800bf417	2651
1800935a0	FUN_1800935a0	pipeline/1800935A0_FUN_1800935a0.txt	pipeline	1	FUN_1800bf260 @1800bf67e	1492
1800122b0	FUN_1800122b0	pipeline/1800122B0_FUN_1800122b0.txt	pipeline	1	FUN_1800bf260 @1800bf6c7	791
1800b94d0	FUN_1800b94d0	pipeline/1800B94D0_FUN_1800b94d0.txt	pipeline	1	FUN_1800bf260 @1800bf7c4	261
1800b8e50	FUN_1800b8e50	pipeline/1800B8E50_FUN_1800b8e50.txt	pipeline	1	FUN_1800bf260 @1800bfd41	155
1800aa740	FUN_1800aa740	pipeline/1800AA740_FUN_1800aa740.txt	pipeline	1	FUN_1800bf260 @1800bfd92	775
1800b8f20	FUN_1800b8f20	pipeline/1800B8F20_FUN_1800b8f20.txt	pipeline	1	FUN_1800bf260 @1800bfdaf	1415
180012b80	FUN_180012b80	pipeline/180012B80_FUN_180012b80.txt	pipeline	1	FUN_1800bf260 @1800bfdce	16
18016c380	FUN_18016c380	pipeline/18016C380_FUN_18016c380.txt	pipeline	1	FUN_1800c0080 @1800c01e0	20
18013c8d0	FUN_18013c8d0	pipeline/18013C8D0_FUN_18013c8d0.txt	pipeline	1	FUN_1800c0080 @1800c036a	486
18003dcd0	FUN_18003dcd0	pipeline/18003DCD0_FUN_18003dcd0.txt	pipeline	1	FUN_180108100 @180108352	152
1801312b0	FUN_1801312b0	pipeline/1801312B0_FUN_1801312b0.txt	pipeline	1	FUN_180108100 @1801083a7	120
18012af90	FUN_18012af90	pipeline/18012AF90_FUN_18012af90.txt	pipeline	1	FUN_180108100 @180108436	72
18000a720	FUN_18000a720	pipeline/18000A720_FUN_18000a720.txt	pipeline	1	FUN_180001690 @180001aec	837
18003e660	FUN_18003e660	pipeline/18003E660_FUN_18003e660.txt	pipeline	1	FUN_180039560 @180039603	7148
1800a1e00	FUN_1800a1e00	pipeline/1800A1E00_FUN_1800a1e00.txt	pipeline	1	FUN_180039560 @18003960a	13
18021bc80	FUN_18021bc80	pipeline/18021BC80_FUN_18021bc80.txt	pipeline	1	FUN_180039560 @1800396c0	155
180040950	FUN_180040950	pipeline/180040950_FUN_180040950.txt	pipeline	1	FUN_180039560 @1800398ec	702
180040340	FUN_180040340	pipeline/180040340_FUN_180040340.txt	pipeline	1	FUN_180039560 @180039bce	1550
18000bd50	FUN_18000bd50	pipeline/18000BD50_FUN_18000bd50.txt	pipeline	1	FUN_180039560 @180039c04	581
18006aee0	FUN_18006aee0	pipeline/18006AEE0_FUN_18006aee0.txt	pipeline	1	FUN_180039560 @180039f76	162
180040c10	FUN_180040c10	pipeline/180040C10_FUN_180040c10.txt	pipeline	1	FUN_180039560 @180039f86	654
18004afb0	FUN_18004afb0	pipeline/18004AFB0_FUN_18004afb0.txt	pipeline	1	FUN_180039560 @18003a49e	412
18003de10	FUN_18003de10	pipeline/18003DE10_FUN_18003de10.txt	pipeline	1	FUN_180039560 @18003a6a6	412
180068ef0	FUN_180068ef0	pipeline/180068EF0_FUN_180068ef0.txt	pipeline	1	FUN_180039560 @18003a6c9	560
1801698d0	FUN_1801698d0	pipeline/1801698D0_FUN_1801698d0.txt	pipeline	1	FUN_180039560 @18003a807	4
180040ea0	FUN_180040ea0	pipeline/180040EA0_FUN_180040ea0.txt	pipeline	1	FUN_180039560 @18003aa80	866
180042fe0	FUN_180042fe0	pipeline/180042FE0_FUN_180042fe0.txt	pipeline	1	FUN_180039560 @18003ace3	1390
180037dc0	FUN_180037dc0	pipeline/180037DC0_FUN_180037dc0.txt	pipeline	1	FUN_180039560 @18003acf7	15
1800442f0	FUN_1800442f0	pipeline/1800442F0_FUN_1800442f0.txt	pipeline	1	FUN_180039560 @18003ae37	115
18003dfb0	FUN_18003dfb0	pipeline/18003DFB0_FUN_18003dfb0.txt	pipeline	1	FUN_180039560 @18003af67	1695
180031aa0	FUN_180031aa0	pipeline/180031AA0_FUN_180031aa0.txt	pipeline	1	FUN_180039560 @18003b09f	231
180165ee0	FUN_180165ee0	pipeline/180165EE0_FUN_180165ee0.txt	pipeline	1	FUN_180039560 @18003b554	35
180030e50	FUN_180030e50	pipeline/180030E50_FUN_180030e50.txt	pipeline	1	FUN_180039560 @18003cd17	166
180044370	FUN_180044370	pipeline/180044370_FUN_180044370.txt	pipeline	1	FUN_180039560 @18003cf70	2248
180169a20	FUN_180169a20	hitchance/180169A20_FUN_180169a20.txt	hitchance	1	FUN_180043550 @1800435be	19
18004a580	FUN_18004a580	hitchance/18004A580_FUN_18004a580.txt	hitchance	1	FUN_180043550 @18004378e	55
180049920	FUN_180049920	hitchance/180049920_FUN_180049920.txt	hitchance	1	FUN_180043550 @180043848	46
180169850	FUN_180169850	hitchance/180169850_FUN_180169850.txt	hitchance	1	FUN_180043550 @1800438ad	4
180169860	FUN_180169860	hitchance/180169860_FUN_180169860.txt	hitchance	1	FUN_180043550 @1800438c8	24
180169930	FUN_180169930	hitchance/180169930_FUN_180169930.txt	hitchance	1	FUN_180043550 @1800438d5	19
180169660	FUN_180169660	hitchance/180169660_FUN_180169660.txt	hitchance	1	FUN_180043550 @1800438e5	6
180169670	FUN_180169670	hitchance/180169670_FUN_180169670.txt	hitchance	1	FUN_180043550 @1800438fd	6
180166490	FUN_180166490	hitchance/180166490_FUN_180166490.txt	hitchance	1	FUN_180043550 @180043960	165
180069d80	FUN_180069d80	hitchance/180069D80_FUN_180069d80.txt	hitchance	1	FUN_180043550 @1800439ee	479
18010af30	FUN_18010af30	hitchance/18010AF30_FUN_18010af30.txt	hitchance	1	FUN_180043550 @180043b7b	28
180035870	FUN_180035870	hitchance/180035870_FUN_180035870.txt	hitchance	1	FUN_180043550 @180043b9d	350
180169690	FUN_180169690	hitchance/180169690_FUN_180169690.txt	hitchance	1	FUN_180043550 @180043c12	9
1801696a0	FUN_1801696a0	hitchance/1801696A0_FUN_1801696a0.txt	hitchance	1	FUN_180043550 @180043c26	9
1801696b0	FUN_1801696b0	hitchance/1801696B0_FUN_1801696b0.txt	hitchance	1	FUN_180043550 @180043c41	9
1801699e0	FUN_1801699e0	hitchance/1801699E0_FUN_1801699e0.txt	hitchance	1	FUN_180043550 @180043c51	8
1801699f0	FUN_1801699f0	hitchance/1801699F0_FUN_1801699f0.txt	hitchance	1	FUN_180043550 @180043c5c	10
180169980	FUN_180169980	hitchance/180169980_FUN_180169980.txt	hitchance	1	FUN_180043550 @180043c7c	9
180169990	FUN_180169990	hitchance/180169990_FUN_180169990.txt	hitchance	1	FUN_180043550 @180043c8c	19
1801696c0	FUN_1801696c0	hitchance/1801696C0_FUN_1801696c0.txt	hitchance	1	FUN_180043550 @180043c9c	7
1801696d0	FUN_1801696d0	hitchance/1801696D0_FUN_1801696d0.txt	hitchance	1	FUN_180043550 @180043ca9	7
1801699b0	FUN_1801699b0	hitchance/1801699B0_FUN_1801699b0.txt	hitchance	1	FUN_180043550 @180043cbc	9
180169950	FUN_180169950	hitchance/180169950_FUN_180169950.txt	hitchance	1	FUN_180043550 @180043ccc	8
180169a00	FUN_180169a00	hitchance/180169A00_FUN_180169a00.txt	hitchance	1	FUN_180043550 @180043d1d	8
180169a10	FUN_180169a10	hitchance/180169A10_FUN_180169a10.txt	hitchance	1	FUN_180043550 @180043d28	10
1801699c0	FUN_1801699c0	hitchance/1801699C0_FUN_1801699c0.txt	hitchance	1	FUN_180043550 @180043d4c	19
180169960	FUN_180169960	hitchance/180169960_FUN_180169960.txt	hitchance	1	FUN_180043550 @180043d8c	19
18004a5c0	FUN_18004a5c0	hitchance/18004A5C0_FUN_18004a5c0.txt	hitchance	1	FUN_180043550 @180043dc9	115
180169a50	FUN_180169a50	hitchance/180169A50_FUN_180169a50.txt	hitchance	1	FUN_180043550 @180043e57	7
180036750	FUN_180036750	hitchance/180036750_FUN_180036750.txt	hitchance	1	FUN_180043550 @180043ea0	144
180169830	FUN_180169830	hitchance/180169830_FUN_180169830.txt	hitchance	1	FUN_180043550 @180043ee6	19
18010dd10	FUN_18010dd10	hitchance/18010DD10_FUN_18010dd10.txt	hitchance	1	FUN_180043550 @180043f40	149
180169680	FUN_180169680	hitchance/180169680_FUN_180169680.txt	hitchance	1	FUN_180043550 @180043f6c	6
180166150	FUN_180166150	hitchance/180166150_FUN_180166150.txt	hitchance	1	FUN_180043550 @1800440bb	407
180165f80	FUN_180165f80	hitchance/180165F80_FUN_180165f80.txt	hitchance	1	FUN_180043550 @18004413d	112
180012ba0	FUN_180012ba0	hitchance/180012BA0_FUN_180012ba0.txt	hitchance	1	FUN_180041210 @18004133e	230
1800631b0	FUN_1800631b0	hitchance/1800631B0_FUN_1800631b0.txt	hitchance	1	FUN_180041210 @180041c01	15
18004b400	FUN_18004b400	hitchance/18004B400_FUN_18004b400.txt	hitchance	1	FUN_180041210 @180041c8b	261
18004b690	FUN_18004b690	hitchance/18004B690_FUN_18004b690.txt	hitchance	1	FUN_180041210 @180041d8e	252
1800631c0	FUN_1800631c0	hitchance/1800631C0_FUN_1800631c0.txt	hitchance	1	FUN_180041210 @1800421e9	846
1801833e0	FUN_1801833e0	hitchance/1801833E0_FUN_1801833e0.txt	hitchance	1	FUN_180041210 @18004223f	16
180063540	FUN_180063540	hitchance/180063540_FUN_180063540.txt	hitchance	1	FUN_180041210 @1800422d8	247
18004b790	FUN_18004b790	hitchance/18004B790_FUN_18004b790.txt	hitchance	1	FUN_180041210 @1800423fb	334
180165ff0	FUN_180165ff0	hitchance/180165FF0_FUN_180165ff0.txt	hitchance	1	FUN_180041210 @180042685	66
180063080	FUN_180063080	hitchance/180063080_FUN_180063080.txt	hitchance	1	FUN_180041210 @180042e37	276
180040270	FUN_180040270	hitchance/180040270_FUN_180040270.txt	hitchance	1	FUN_180041210 @180042ebc	204
180184684	FUN_180184684	hitchance/180184684_FUN_180184684.txt	hitchance	1	FUN_180041210 @180042fd8	31
18000d0e0	FUN_18000d0e0	hitchance/18000D0E0_FUN_18000d0e0.txt	hitchance	1	FUN_18000c800 @18000cd49	837
18000adc0	FUN_18000adc0	hitchance/18000ADC0_FUN_18000adc0.txt	hitchance	1	FUN_18000c800 @18000ceb9	837
1800e6b90	FUN_1800e6b90	hitchance/1800E6B90_FUN_1800e6b90.txt	hitchance	1	FUN_1800d1710 @1800d1925	423
1800e4140	FUN_1800e4140	hitchance/1800E4140_FUN_1800e4140.txt	hitchance	1	FUN_1800d1710 @1800d1941	462
1800e6f90	FUN_1800e6f90	hitchance/1800E6F90_FUN_1800e6f90.txt	hitchance	1	FUN_1800d1710 @1800d19f1	483
180065130	FUN_180065130	hitchance/180065130_FUN_180065130.txt	hitchance	1	FUN_1800d1710 @1800d1a23	1645
18013e350	FUN_18013e350	hitchance/18013E350_FUN_18013e350.txt	hitchance	1	FUN_1800f7fa0 @1800f8156	73
18013f620	FUN_18013f620	hitchance/18013F620_FUN_18013f620.txt	hitchance	1	FUN_1800f7fa0 @1800f818a	3151
1801462d0	FUN_1801462d0	hitchance/1801462D0_FUN_1801462d0.txt	hitchance	1	FUN_1800f7fa0 @1800f825e	3784
1801471a0	FUN_1801471a0	hitchance/1801471A0_FUN_1801471a0.txt	hitchance	1	FUN_1800f7fa0 @1800f83da	4868
180145230	FUN_180145230	hitchance/180145230_FUN_180145230.txt	hitchance	1	FUN_1800f7fa0 @1800f8446	4242
180140a50	FUN_180140a50	hitchance/180140A50_FUN_180140a50.txt	hitchance	1	FUN_1800f7fa0 @1800f87f8	1979
1801484e0	FUN_1801484e0	hitchance/1801484E0_FUN_1801484e0.txt	hitchance	1	FUN_1800f7fa0 @1800f88cb	3215
180141210	FUN_180141210	hitchance/180141210_FUN_180141210.txt	hitchance	1	FUN_1800f7fa0 @1800f89c7	446
18013e190	FUN_18013e190	hitchance/18013E190_FUN_18013e190.txt	hitchance	1	FUN_1800f7fa0 @1800f89cc	442
180140270	FUN_180140270	hitchance/180140270_FUN_180140270.txt	hitchance	1	FUN_1800f7fa0 @1800f8b85	2001
18023bf50	strncpy	nospread/18023BF50_strncpy.txt	nospread	1	FUN_180131790 @18013186c	354
180132f60	FUN_180132f60	nospread/180132F60_FUN_180132f60.txt	nospread	1	FUN_180131790 @1801318a4	2494
180133950	FUN_180133950	nospread/180133950_FUN_180133950.txt	nospread	1	FUN_180131790 @18013192b	2891
1801344c0	FUN_1801344c0	nospread/1801344C0_FUN_1801344c0.txt	nospread	1	FUN_180131790 @180131a38	248
180087b10	FUN_180087b10	nospread/180087B10_FUN_180087b10.txt	nospread	1	FUN_180084040 @1800840cd	213
180087bf0	FUN_180087bf0	nospread/180087BF0_FUN_180087bf0.txt	nospread	1	FUN_180084040 @180084216	114
1801659b0	FUN_1801659b0	nospread/1801659B0_FUN_1801659b0.txt	nospread	1	FUN_180084040 @180084331	620
180087c70	FUN_180087c70	nospread/180087C70_FUN_180087c70.txt	nospread	1	FUN_180084040 @180084478	144
180087d10	FUN_180087d10	nospread/180087D10_FUN_180087d10.txt	nospread	1	FUN_180084040 @1800847a9	600
180088770	FUN_180088770	nospread/180088770_FUN_180088770.txt	nospread	1	FUN_180084040 @180084a98	72
1800887c0	FUN_1800887c0	nospread/1800887C0_FUN_1800887c0.txt	nospread	1	FUN_180084040 @180084bf1	68
180088810	FUN_180088810	nospread/180088810_FUN_180088810.txt	nospread	1	FUN_180084040 @180084d4a	68
180088860	FUN_180088860	nospread/180088860_FUN_180088860.txt	nospread	1	FUN_180084040 @180084ea3	61
1800888a0	FUN_1800888a0	nospread/1800888A0_FUN_1800888a0.txt	nospread	1	FUN_180084040 @180085039	150
180088940	FUN_180088940	nospread/180088940_FUN_180088940.txt	nospread	1	FUN_180084040 @1800851cf	99
1800889b0	FUN_1800889b0	nospread/1800889B0_FUN_1800889b0.txt	nospread	1	FUN_180084040 @18008536f	109
180088a20	FUN_180088a20	nospread/180088A20_FUN_180088a20.txt	nospread	1	FUN_180084040 @1800854f5	160
180088ac0	FUN_180088ac0	nospread/180088AC0_FUN_180088ac0.txt	nospread	1	FUN_180084040 @18008564d	197
180088b90	FUN_180088b90	nospread/180088B90_FUN_180088b90.txt	nospread	1	FUN_180084040 @1800857a5	197
180088c60	FUN_180088c60	nospread/180088C60_FUN_180088c60.txt	nospread	1	FUN_180084040 @18008593a	396
180088df0	FUN_180088df0	nospread/180088DF0_FUN_180088df0.txt	nospread	1	FUN_180084040 @180085a92	70
180088e40	FUN_180088e40	nospread/180088E40_FUN_180088e40.txt	nospread	1	FUN_180084040 @180085c1d	72
180088e90	FUN_180088e90	nospread/180088E90_FUN_180088e90.txt	nospread	1	FUN_180084040 @180085db2	153
180088f30	FUN_180088f30	nospread/180088F30_FUN_180088f30.txt	nospread	1	FUN_180084040 @180085f0a	60
180088f70	FUN_180088f70	nospread/180088F70_FUN_180088f70.txt	nospread	1	FUN_180084040 @18008609f	45
180088fa0	FUN_180088fa0	nospread/180088FA0_FUN_180088fa0.txt	nospread	1	FUN_180084040 @1800861f7	44
180088fd0	FUN_180088fd0	nospread/180088FD0_FUN_180088fd0.txt	nospread	1	FUN_180084040 @180086391	85
180089030	FUN_180089030	nospread/180089030_FUN_180089030.txt	nospread	1	FUN_180084040 @1800864e9	99
1800890c0	FUN_1800890c0	nospread/1800890C0_FUN_1800890c0.txt	nospread	1	FUN_180084040 @1800867e5	1220
1800895f0	FUN_1800895f0	nospread/1800895F0_FUN_1800895f0.txt	nospread	1	FUN_180084040 @18008693d	122
180089670	FUN_180089670	nospread/180089670_FUN_180089670.txt	nospread	1	FUN_180084040 @180086ad7	387
180089800	FUN_180089800	nospread/180089800_FUN_180089800.txt	nospread	1	FUN_180084040 @180086c2f	192
1800898c0	FUN_1800898c0	nospread/1800898C0_FUN_1800898c0.txt	nospread	1	FUN_180084040 @180086d7d	273
1800899e0	FUN_1800899e0	nospread/1800899E0_FUN_1800899e0.txt	nospread	1	FUN_180084040 @180086f0d	335
180089b30	FUN_180089b30	nospread/180089B30_FUN_180089b30.txt	nospread	1	FUN_180084040 @18008709b	89
18021a9c0	FUN_18021a9c0	nospread/18021A9C0_FUN_18021a9c0.txt	nospread	1	FUN_180068c30 @180068d96	68
18021a610	FUN_18021a610	nospread/18021A610_FUN_18021a610.txt	nospread	1	FUN_18006aa30 @18006ab0d	938
1802136e0	FUN_1802136e0	nospread/1802136E0_FUN_1802136e0.txt	nospread	1	FUN_18006aa30 @18006ac97	22
180166480	FUN_180166480	nospread/180166480_FUN_180166480.txt	nospread	1	FUN_18006aa30 @18006ac9c	9
1802132c0	FUN_1802132c0	nospread/1802132C0_FUN_1802132c0.txt	nospread	1	FUN_18006aa30 @18006acb6	22
180166b40	FUN_180166b40	nospread/180166B40_FUN_180166b40.txt	nospread	1	FUN_180163290 @180163c55	925
180166050	FUN_180166050	nospread/180166050_FUN_180166050.txt	nospread	1	FUN_180069f60 @18006a097	236
180066190	FUN_180066190	nospread/180066190_FUN_180066190.txt	nospread	1	FUN_180069f60 @18006a525	2023
180109b70	FUN_180109b70	nospread/180109B70_FUN_180109b70.txt	nospread	1	FUN_18010dde0 @18010ddfb	84
1801698b0	FUN_1801698b0	nospread/1801698B0_FUN_1801698b0.txt	nospread	1	FUN_18010dde0 @18010de64	8
18002f5a0	FUN_18002f5a0	nospread/18002F5A0_FUN_18002f5a0.txt	nospread	1	FUN_180030050 @180030060	467
180013c20	FUN_180013c20	nospread/180013C20_FUN_180013c20.txt	nospread	1	FUN_180003bd0 @180003cf6	837
1800185c0	FUN_1800185c0	nospread/1800185C0_FUN_1800185c0.txt	nospread	1	FUN_180003bd0 @1800050bf	837
180068710	FUN_180068710	autowall_damage/180068710_FUN_180068710.txt	autowall_damage	1	FUN_1800cba90 @1800cbdb5	711
18010af10	FUN_18010af10	autowall_damage/18010AF10_FUN_18010af10.txt	autowall_damage	1	FUN_180044dc0 @1800456a3	20
180066980	FUN_180066980	autowall_damage/180066980_FUN_180066980.txt	autowall_damage	1	FUN_180044dc0 @18004570d	856
1800485e0	FUN_1800485e0	autowall_damage/1800485E0_FUN_1800485e0.txt	autowall_damage	1	FUN_180044dc0 @1800458a6	432
1800487a0	FUN_1800487a0	autowall_damage/1800487A0_FUN_1800487a0.txt	autowall_damage	1	FUN_180044dc0 @180045979	4458
180060f70	FUN_180060f70	autowall_damage/180060F70_FUN_180060f70.txt	autowall_damage	1	FUN_180044dc0 @180047e7d	1052
1800613a0	FUN_1800613a0	autowall_damage/1800613A0_FUN_1800613a0.txt	autowall_damage	1	FUN_180044dc0 @180047f1e	253
18004b300	FUN_18004b300	autowall_damage/18004B300_FUN_18004b300.txt	autowall_damage	1	FUN_180044dc0 @180047f98	246
180166540	FUN_180166540	autowall_damage/180166540_FUN_180166540.txt	autowall_damage	1	FUN_180044dc0 @180047ff8	129
18004b150	FUN_18004b150	autowall_damage/18004B150_FUN_18004b150.txt	autowall_damage	1	FUN_180044dc0 @18004838a	418
18003dd70	FUN_18003dd70	autowall_damage/18003DD70_FUN_18003dd70.txt	autowall_damage	1	FUN_180044dc0 @18004848c	156
18000aa70	FUN_18000aa70	autowall_damage/18000AA70_FUN_18000aa70.txt	autowall_damage	1	FUN_180009db0 @18000a310	837
1800e6ad0	FUN_1800e6ad0	autowall_damage/1800E6AD0_FUN_1800e6ad0.txt	autowall_damage	1	FUN_1800e4310 @1800e43ac	29
1800e6b00	FUN_1800e6b00	autowall_damage/1800E6B00_FUN_1800e6b00.txt	autowall_damage	1	FUN_1800e4310 @1800e441d	29
1800e6b30	FUN_1800e6b30	autowall_damage/1800E6B30_FUN_1800e6b30.txt	autowall_damage	1	FUN_1800e4310 @1800e446f	29
180017a20	FUN_180017a20	autowall_damage/180017A20_FUN_180017a20.txt	autowall_damage	1	FUN_1800e4310 @1800e4918	355
1800e6b60	FUN_1800e6b60	autowall_damage/1800E6B60_FUN_1800e6b60.txt	autowall_damage	1	FUN_1800e4310 @1800e4a7c	29
1800b19a0	FUN_1800b19a0	autowall_damage/1800B19A0_FUN_1800b19a0.txt	autowall_damage	1	FUN_1800e4310 @1800e4b0f	563
180067570	FUN_180067570	trace_geometry/180067570_FUN_180067570.txt	trace_geometry	1	FUN_180066ce0 @180066f7c	115
18006c6c0	FUN_18006c6c0	trace_geometry/18006C6C0_FUN_18006c6c0.txt	trace_geometry	1	FUN_180066ce0 @18006712c	22
180171a60	FUN_180171a60	trace_geometry/180171A60_FUN_180171a60.txt	trace_geometry	1	FUN_1800aae50 @1800aae87	122
18016f500	FUN_18016f500	trace_geometry/18016F500_FUN_18016f500.txt	trace_geometry	1	FUN_1800aae50 @1800aae94	344
180172830	FUN_180172830	trace_geometry/180172830_FUN_180172830.txt	trace_geometry	1	FUN_1800aae50 @1800aaead	73
180174d60	FUN_180174d60	trace_geometry/180174D60_FUN_180174d60.txt	trace_geometry	1	FUN_1800aae50 @1800aaed6	207
180177870	FUN_180177870	trace_geometry/180177870_FUN_180177870.txt	trace_geometry	1	FUN_1800aae50 @1800aaeff	308
180178310	FUN_180178310	trace_geometry/180178310_FUN_180178310.txt	trace_geometry	1	FUN_1800aae50 @1800aaf28	114
18016d220	FUN_18016d220	trace_geometry/18016D220_FUN_18016d220.txt	trace_geometry	1	FUN_1800aae50 @1800aaf5c	66
18016d0d0	FUN_18016d0d0	trace_geometry/18016D0D0_FUN_18016d0d0.txt	trace_geometry	1	FUN_1800aae50 @1800aafdc	105
1800bd920	FUN_1800bd920	trace_geometry/1800BD920_FUN_1800bd920.txt	trace_geometry	1	FUN_1800aae50 @1800aafe1	2221
1800bec80	FUN_1800bec80	trace_geometry/1800BEC80_FUN_1800bec80.txt	trace_geometry	1	FUN_1800aae50 @1800ab007	438
1800c0c40	FUN_1800c0c40	trace_geometry/1800C0C40_FUN_1800c0c40.txt	trace_geometry	1	FUN_1800aae50 @1800ab0be	2578
1800c1760	FUN_1800c1760	trace_geometry/1800C1760_FUN_1800c1760.txt	trace_geometry	1	FUN_1800aae50 @1800ab0e4	648
1800c1a70	FUN_1800c1a70	trace_geometry/1800C1A70_FUN_1800c1a70.txt	trace_geometry	1	FUN_1800aae50 @1800ab126	1628
1800c22e0	FUN_1800c22e0	trace_geometry/1800C22E0_FUN_1800c22e0.txt	trace_geometry	1	FUN_1800aae50 @1800ab14c	567
1800c2590	FUN_1800c2590	trace_geometry/1800C2590_FUN_1800c2590.txt	trace_geometry	1	FUN_1800aae50 @1800ab172	581
1800c2850	FUN_1800c2850	trace_geometry/1800C2850_FUN_1800c2850.txt	trace_geometry	1	FUN_1800aae50 @1800ab198	392
1800c2a50	FUN_1800c2a50	trace_geometry/1800C2A50_FUN_1800c2a50.txt	trace_geometry	1	FUN_1800aae50 @1800ab1c4	365
1800c2c30	FUN_1800c2c30	trace_geometry/1800C2C30_FUN_1800c2c30.txt	trace_geometry	1	FUN_1800aae50 @1800ab1ed	359
1800c2e00	FUN_1800c2e00	trace_geometry/1800C2E00_FUN_1800c2e00.txt	trace_geometry	1	FUN_1800aae50 @1800ab22f	2433
1800c45b0	FUN_1800c45b0	trace_geometry/1800C45B0_FUN_1800c45b0.txt	trace_geometry	1	FUN_1800aae50 @1800ab251	1010
1800c4a30	FUN_1800c4a30	trace_geometry/1800C4A30_FUN_1800c4a30.txt	trace_geometry	1	FUN_1800aae50 @1800ab277	1299
1800c4ff0	FUN_1800c4ff0	trace_geometry/1800C4FF0_FUN_1800c4ff0.txt	trace_geometry	1	FUN_1800aae50 @1800ab29d	768
1800c5370	FUN_1800c5370	trace_geometry/1800C5370_FUN_1800c5370.txt	trace_geometry	1	FUN_1800aae50 @1800ab2df	439
1800c55e0	FUN_1800c55e0	trace_geometry/1800C55E0_FUN_1800c55e0.txt	trace_geometry	1	FUN_1800aae50 @1800ab305	1031
1800c5c10	FUN_1800c5c10	trace_geometry/1800C5C10_FUN_1800c5c10.txt	trace_geometry	1	FUN_1800aae50 @1800ab32b	830
1800c6040	FUN_1800c6040	trace_geometry/1800C6040_FUN_1800c6040.txt	trace_geometry	1	FUN_1800aae50 @1800ab34d	1384
1800c6810	FUN_1800c6810	trace_geometry/1800C6810_FUN_1800c6810.txt	trace_geometry	1	FUN_1800aae50 @1800ab373	1608
1800c73c0	FUN_1800c73c0	trace_geometry/1800C73C0_FUN_1800c73c0.txt	trace_geometry	1	FUN_1800aae50 @1800ab399	1745
1800c8280	FUN_1800c8280	trace_geometry/1800C8280_FUN_1800c8280.txt	trace_geometry	1	FUN_1800aae50 @1800ab3bf	2383
1800c9590	FUN_1800c9590	trace_geometry/1800C9590_FUN_1800c9590.txt	trace_geometry	1	FUN_1800aae50 @1800ab401	1833
1800ca470	FUN_1800ca470	trace_geometry/1800CA470_FUN_1800ca470.txt	trace_geometry	1	FUN_1800aae50 @1800ab446	2656
1800cc9e0	FUN_1800cc9e0	trace_geometry/1800CC9E0_FUN_1800cc9e0.txt	trace_geometry	1	FUN_1800aae50 @1800ab492	484
1800ccc30	FUN_1800ccc30	trace_geometry/1800CCC30_FUN_1800ccc30.txt	trace_geometry	1	FUN_1800aae50 @1800ab4b8	507
1800ccef0	FUN_1800ccef0	trace_geometry/1800CCEF0_FUN_1800ccef0.txt	trace_geometry	1	FUN_1800aae50 @1800ab4de	2425
1800d1c40	FUN_1800d1c40	trace_geometry/1800D1C40_FUN_1800d1c40.txt	trace_geometry	1	FUN_1800aae50 @1800ab56f	2140
1800d5b40	FUN_1800d5b40	trace_geometry/1800D5B40_FUN_1800d5b40.txt	trace_geometry	1	FUN_1800aae50 @1800ab61f	1031
1800d6020	FUN_1800d6020	trace_geometry/1800D6020_FUN_1800d6020.txt	trace_geometry	1	FUN_1800aae50 @1800ab645	1426
1800d6660	FUN_1800d6660	trace_geometry/1800D6660_FUN_1800d6660.txt	trace_geometry	1	FUN_1800aae50 @1800ab667	1306
1800d6c30	FUN_1800d6c30	trace_geometry/1800D6C30_FUN_1800d6c30.txt	trace_geometry	1	FUN_1800aae50 @1800ab68d	1102
1800d7110	FUN_1800d7110	trace_geometry/1800D7110_FUN_1800d7110.txt	trace_geometry	1	FUN_1800aae50 @1800ab6b3	453
1800d7340	FUN_1800d7340	trace_geometry/1800D7340_FUN_1800d7340.txt	trace_geometry	1	FUN_1800aae50 @1800ab6d9	453
1800d7570	FUN_1800d7570	trace_geometry/1800D7570_FUN_1800d7570.txt	trace_geometry	1	FUN_1800aae50 @1800ab6ff	1001
1800d7a40	FUN_1800d7a40	trace_geometry/1800D7A40_FUN_1800d7a40.txt	trace_geometry	1	FUN_1800aae50 @1800ab725	1773
1800d81e0	FUN_1800d81e0	trace_geometry/1800D81E0_FUN_1800d81e0.txt	trace_geometry	1	FUN_1800aae50 @1800ab74b	2415
1800d8c80	FUN_1800d8c80	trace_geometry/1800D8C80_FUN_1800d8c80.txt	trace_geometry	1	FUN_1800aae50 @1800ab771	1329
1800d9250	FUN_1800d9250	trace_geometry/1800D9250_FUN_1800d9250.txt	trace_geometry	1	FUN_1800aae50 @1800ab797	863
1800d9670	FUN_1800d9670	trace_geometry/1800D9670_FUN_1800d9670.txt	trace_geometry	1	FUN_1800aae50 @1800ab7bd	2205
1800da340	FUN_1800da340	trace_geometry/1800DA340_FUN_1800da340.txt	trace_geometry	1	FUN_1800aae50 @1800ab808	2185
1800dad80	FUN_1800dad80	trace_geometry/1800DAD80_FUN_1800dad80.txt	trace_geometry	1	FUN_1800aae50 @1800ab82e	1239
1800db300	FUN_1800db300	trace_geometry/1800DB300_FUN_1800db300.txt	trace_geometry	1	FUN_1800aae50 @1800ab854	463
1800db540	FUN_1800db540	trace_geometry/1800DB540_FUN_1800db540.txt	trace_geometry	1	FUN_1800aae50 @1800ab87a	1477
1800dbbc0	FUN_1800dbbc0	trace_geometry/1800DBBC0_FUN_1800dbbc0.txt	trace_geometry	1	FUN_1800aae50 @1800ab8a0	361
1800dbda0	FUN_1800dbda0	trace_geometry/1800DBDA0_FUN_1800dbda0.txt	trace_geometry	1	FUN_1800aae50 @1800ab8c6	1323
1800dc3d0	FUN_1800dc3d0	trace_geometry/1800DC3D0_FUN_1800dc3d0.txt	trace_geometry	1	FUN_1800aae50 @1800ab8ec	1558
1800dcab0	FUN_1800dcab0	trace_geometry/1800DCAB0_FUN_1800dcab0.txt	trace_geometry	1	FUN_1800aae50 @1800ab912	1571
1800dd1a0	FUN_1800dd1a0	trace_geometry/1800DD1A0_FUN_1800dd1a0.txt	trace_geometry	1	FUN_1800aae50 @1800ab978	770
1800dd540	FUN_1800dd540	trace_geometry/1800DD540_FUN_1800dd540.txt	trace_geometry	1	FUN_1800aae50 @1800ab99e	514
1800dd7b0	FUN_1800dd7b0	trace_geometry/1800DD7B0_FUN_1800dd7b0.txt	trace_geometry	1	FUN_1800aae50 @1800ab9e0	6404
1800df500	FUN_1800df500	trace_geometry/1800DF500_FUN_1800df500.txt	trace_geometry	1	FUN_1800aae50 @1800aba06	373
1800df6e0	FUN_1800df6e0	trace_geometry/1800DF6E0_FUN_1800df6e0.txt	trace_geometry	1	FUN_1800aae50 @1800aba28	1219
1800dfcb0	FUN_1800dfcb0	trace_geometry/1800DFCB0_FUN_1800dfcb0.txt	trace_geometry	1	FUN_1800aae50 @1800aba51	430
1800dfed0	FUN_1800dfed0	trace_geometry/1800DFED0_FUN_1800dfed0.txt	trace_geometry	1	FUN_1800aae50 @1800aba77	1451
1800e0ce0	FUN_1800e0ce0	trace_geometry/1800E0CE0_FUN_1800e0ce0.txt	trace_geometry	1	FUN_1800aae50 @1800abab9	712
1800e1050	FUN_1800e1050	trace_geometry/1800E1050_FUN_1800e1050.txt	trace_geometry	1	FUN_1800aae50 @1800abadb	1322
18016ce40	FUN_18016ce40	trace_geometry/18016CE40_FUN_18016ce40.txt	trace_geometry	1	FUN_1800aae50 @1800abb16	66
1800e1730	FUN_1800e1730	trace_geometry/1800E1730_FUN_1800e1730.txt	trace_geometry	1	FUN_1800aae50 @1800abb1b	477
1800e19d0	FUN_1800e19d0	trace_geometry/1800E19D0_FUN_1800e19d0.txt	trace_geometry	1	FUN_1800aae50 @1800abb41	425
1800e1bf0	FUN_1800e1bf0	trace_geometry/1800E1BF0_FUN_1800e1bf0.txt	trace_geometry	1	FUN_1800aae50 @1800abb67	502
1800e1e60	FUN_1800e1e60	trace_geometry/1800E1E60_FUN_1800e1e60.txt	trace_geometry	1	FUN_1800aae50 @1800abb8d	441
1800e20e0	FUN_1800e20e0	trace_geometry/1800E20E0_FUN_1800e20e0.txt	trace_geometry	1	FUN_1800aae50 @1800abbb3	654
180166400	FUN_180166400	hitbox_backtrack/180166400_FUN_180166400.txt	hitbox_backtrack	1	FUN_1800d2fd0 @1800d3726	124
1800ec580	FUN_1800ec580	hitbox_backtrack/1800EC580_FUN_1800ec580.txt	hitbox_backtrack	1	FUN_1800d2fd0 @1800d3771	208
180165db0	FUN_180165db0	hitbox_backtrack/180165DB0_FUN_180165db0.txt	hitbox_backtrack	1	FUN_1800d2fd0 @1800d3af2	34
180165e60	FUN_180165e60	hitbox_backtrack/180165E60_FUN_180165e60.txt	hitbox_backtrack	1	FUN_1800d2fd0 @1800d3b7b	37
18002b620	FUN_18002b620	hitbox_backtrack/18002B620_FUN_18002b620.txt	hitbox_backtrack	1	FUN_18010d180 @18010d236	12
180002a20	FUN_180002a20	hitbox_backtrack/180002A20_FUN_180002a20.txt	hitbox_backtrack	1	FUN_180001180 @1800011a6	634
18010a070	FUN_18010a070	hitbox_backtrack/18010A070_FUN_18010a070.txt	hitbox_backtrack	1	FUN_180109f30 @180109f92	688
180017840	FUN_180017840	hitbox_backtrack/180017840_FUN_180017840.txt	hitbox_backtrack	1	FUN_180109f30 @180109ff0	1
18002d7a0	FUN_18002d7a0	pipeline/18002D7A0_FUN_18002d7a0.txt	pipeline	2	FUN_18010ddb0 @18010ddc0	5
18010dc70	FUN_18010dc70	pipeline/18010DC70_FUN_18010dc70.txt	pipeline	2	FUN_180078120 @180078134	145
180064d70	FUN_180064d70	pipeline/180064D70_FUN_180064d70.txt	pipeline	2	FUN_180069130 @18006951b	951
1800afd30	FUN_1800afd30	pipeline/1800AFD30_FUN_1800afd30.txt	pipeline	2	FUN_1800b06a0 @1800b0715	212
180169a60	FUN_180169a60	pipeline/180169A60_FUN_180169a60.txt	pipeline	2	FUN_180035ad0 @180035d64	261
1801698e0	FUN_1801698e0	pipeline/1801698E0_FUN_1801698e0.txt	pipeline	2	FUN_18007b3f0 @18007b455	6
1801698f0	FUN_1801698f0	pipeline/1801698F0_FUN_1801698f0.txt	pipeline	2	FUN_18007b3f0 @18007b460	6
180169880	FUN_180169880	pipeline/180169880_FUN_180169880.txt	pipeline	2	FUN_18007b3f0 @18007b4f3	9
180169890	FUN_180169890	pipeline/180169890_FUN_180169890.txt	pipeline	2	FUN_18007b3f0 @18007b51e	9
180165f50	FUN_180165f50	pipeline/180165F50_FUN_180165f50.txt	pipeline	2	FUN_180078260 @1800783d5	39
1800789c0	FUN_1800789c0	pipeline/1800789C0_FUN_1800789c0.txt	pipeline	2	FUN_180078260 @180078427	115
180078a40	FUN_180078a40	pipeline/180078A40_FUN_180078a40.txt	pipeline	2	FUN_180078260 @180078440	115
180078ac0	FUN_180078ac0	pipeline/180078AC0_FUN_180078ac0.txt	pipeline	2	FUN_180078260 @18007845e	115
180078b40	FUN_180078b40	pipeline/180078B40_FUN_180078b40.txt	pipeline	2	FUN_180078260 @180078469	115
180078bc0	FUN_180078bc0	pipeline/180078BC0_FUN_180078bc0.txt	pipeline	2	FUN_180078260 @180078481	115
180078c40	FUN_180078c40	pipeline/180078C40_FUN_180078c40.txt	pipeline	2	FUN_180078260 @18007848c	115
180115350	FUN_180115350	pipeline/180115350_FUN_180115350.txt	pipeline	2	FUN_180078260 @1800784f0	194
180078cc0	FUN_180078cc0	pipeline/180078CC0_FUN_180078cc0.txt	pipeline	2	FUN_180078260 @180078535	118
180078d40	FUN_180078d40	pipeline/180078D40_FUN_180078d40.txt	pipeline	2	FUN_180078260 @180078540	118
180078dc0	FUN_180078dc0	pipeline/180078DC0_FUN_180078dc0.txt	pipeline	2	FUN_180078260 @18007854b	115
180078e40	FUN_180078e40	pipeline/180078E40_FUN_180078e40.txt	pipeline	2	FUN_180078260 @180078742	169
180169710	FUN_180169710	pipeline/180169710_FUN_180169710.txt	pipeline	2	FUN_180078260 @18007882b	8
180169740	FUN_180169740	pipeline/180169740_FUN_180169740.txt	pipeline	2	FUN_180078260 @180078835	7
180169760	FUN_180169760	pipeline/180169760_FUN_180169760.txt	pipeline	2	FUN_180078260 @180078840	9
180169780	FUN_180169780	pipeline/180169780_FUN_180169780.txt	pipeline	2	FUN_180078260 @18007884b	9
1801697a0	FUN_1801697a0	pipeline/1801697A0_FUN_1801697a0.txt	pipeline	2	FUN_180078260 @180078856	9
1800792c0	FUN_1800792c0	pipeline/1800792C0_FUN_1800792c0.txt	pipeline	2	FUN_180078ef0 @180078ff6	115
180079340	FUN_180079340	pipeline/180079340_FUN_180079340.txt	pipeline	2	FUN_180078ef0 @18007900f	115
1800793c0	FUN_1800793c0	pipeline/1800793C0_FUN_1800793c0.txt	pipeline	2	FUN_180078ef0 @18007902b	115
180079440	FUN_180079440	pipeline/180079440_FUN_180079440.txt	pipeline	2	FUN_180078ef0 @180079036	115
1800794c0	FUN_1800794c0	pipeline/1800794C0_FUN_1800794c0.txt	pipeline	2	FUN_180078ef0 @18007904f	115
180079540	FUN_180079540	pipeline/180079540_FUN_180079540.txt	pipeline	2	FUN_180078ef0 @1800790b4	118
1800795c0	FUN_1800795c0	pipeline/1800795C0_FUN_1800795c0.txt	pipeline	2	FUN_180078ef0 @180079128	241
1800796c0	FUN_1800796c0	pipeline/1800796C0_FUN_1800796c0.txt	pipeline	2	FUN_180078ef0 @1800791f2	524
18007a2d0	FUN_18007a2d0	pipeline/18007A2D0_FUN_18007a2d0.txt	pipeline	2	FUN_1800798e0 @180079a34	115
18007a350	FUN_18007a350	pipeline/18007A350_FUN_18007a350.txt	pipeline	2	FUN_1800798e0 @180079a52	115
18007a3d0	FUN_18007a3d0	pipeline/18007A3D0_FUN_18007a3d0.txt	pipeline	2	FUN_1800798e0 @180079a6b	115
18007a450	FUN_18007a450	pipeline/18007A450_FUN_18007a450.txt	pipeline	2	FUN_1800798e0 @180079a76	115
18007a4d0	FUN_18007a4d0	pipeline/18007A4D0_FUN_18007a4d0.txt	pipeline	2	FUN_1800798e0 @180079a8e	115
18007a550	FUN_18007a550	pipeline/18007A550_FUN_18007a550.txt	pipeline	2	FUN_1800798e0 @180079af4	118
18007a5d0	FUN_18007a5d0	pipeline/18007A5D0_FUN_18007a5d0.txt	pipeline	2	FUN_1800798e0 @180079b80	118
18007a650	FUN_18007a650	pipeline/18007A650_FUN_18007a650.txt	pipeline	2	FUN_1800798e0 @180079b8a	118
18007a750	FUN_18007a750	pipeline/18007A750_FUN_18007a750.txt	pipeline	2	FUN_1800798e0 @18007a011	118
18007a6d0	FUN_18007a6d0	pipeline/18007A6D0_FUN_18007a6d0.txt	pipeline	2	FUN_1800798e0 @18007a0ac	118
18007af70	FUN_18007af70	pipeline/18007AF70_FUN_18007af70.txt	pipeline	2	FUN_18007aa00 @18007ab37	115
18007aff0	FUN_18007aff0	pipeline/18007AFF0_FUN_18007aff0.txt	pipeline	2	FUN_18007aa00 @18007ab47	115
18007b070	FUN_18007b070	pipeline/18007B070_FUN_18007b070.txt	pipeline	2	FUN_18007aa00 @18007ab59	115
18007b0f0	FUN_18007b0f0	pipeline/18007B0F0_FUN_18007b0f0.txt	pipeline	2	FUN_18007aa00 @18007ab64	115
18007b170	FUN_18007b170	pipeline/18007B170_FUN_18007b170.txt	pipeline	2	FUN_18007aa00 @18007ab7d	115
18007b1f0	FUN_18007b1f0	pipeline/18007B1F0_FUN_18007b1f0.txt	pipeline	2	FUN_18007aa00 @18007ab88	115
18007b270	FUN_18007b270	pipeline/18007B270_FUN_18007b270.txt	pipeline	2	FUN_18007aa00 @18007ac34	118
18007b2f0	FUN_18007b2f0	pipeline/18007B2F0_FUN_18007b2f0.txt	pipeline	2	FUN_18007aa00 @18007ac3f	118
18007b370	FUN_18007b370	pipeline/18007B370_FUN_18007b370.txt	pipeline	2	FUN_18007aa00 @18007ac4a	115
1801662f0	FUN_1801662f0	pipeline/1801662F0_FUN_1801662f0.txt	pipeline	2	FUN_18007a7d0 @18007a932	261
180038710	FUN_180038710	pipeline/180038710_FUN_180038710.txt	pipeline	2	FUN_1800387e0 @180038838	207
18006af90	FUN_18006af90	pipeline/18006AF90_FUN_18006af90.txt	pipeline	2	FUN_180038090 @180038207	1535
180165de0	FUN_180165de0	pipeline/180165DE0_FUN_180165de0.txt	pipeline	2	FUN_180038090 @180038242	30
1800383a0	FUN_1800383a0	pipeline/1800383A0_FUN_1800383a0.txt	pipeline	2	FUN_180038090 @180038260	514
18010f6b0	FUN_18010f6b0	pipeline/18010F6B0_FUN_18010f6b0.txt	pipeline	2	FUN_180038870 @180038c9c	17569
18004bec0	FUN_18004bec0	pipeline/18004BEC0_FUN_18004bec0.txt	pipeline	2	FUN_180038870 @180038cb9	15
18004bf10	FUN_18004bf10	pipeline/18004BF10_FUN_18004bf10.txt	pipeline	2	FUN_180038870 @180038cd2	15
1800392f0	FUN_1800392f0	pipeline/1800392F0_FUN_1800392f0.txt	pipeline	2	FUN_180038870 @180038cf3	231
1800393e0	FUN_1800393e0	pipeline/1800393E0_FUN_1800393e0.txt	pipeline	2	FUN_180038870 @180038d3c	382
180038e20	FUN_180038e20	pipeline/180038E20_FUN_180038e20.txt	pipeline	2	FUN_180038870 @180038dac	1223
180032670	FUN_180032670	pipeline/180032670_FUN_180032670.txt	pipeline	2	FUN_180031d20 @180031f60	154
180032710	FUN_180032710	pipeline/180032710_FUN_180032710.txt	pipeline	2	FUN_180031d20 @18003219d	789
18006b590	FUN_18006b590	pipeline/18006B590_FUN_18006b590.txt	pipeline	2	FUN_180031d20 @180032262	129
18006b6a0	FUN_18006b6a0	pipeline/18006B6A0_FUN_18006b6a0.txt	pipeline	2	FUN_180031d20 @180032274	727
1800332c0	FUN_1800332c0	pipeline/1800332C0_FUN_1800332c0.txt	pipeline	2	FUN_180031d20 @1800323d4	115
180035ac0	FUN_180035ac0	pipeline/180035AC0_FUN_180035ac0.txt	pipeline	2	FUN_180031d20 @1800324f7	15
180033340	FUN_180033340	pipeline/180033340_FUN_180033340.txt	pipeline	2	FUN_180031d20 @180032520	792
180033660	FUN_180033660	pipeline/180033660_FUN_180033660.txt	pipeline	2	FUN_180031d20 @180032574	5066
180032a30	FUN_180032a30	pipeline/180032A30_FUN_180032a30.txt	pipeline	2	FUN_180031d20 @1800325a5	1650
1800330b0	FUN_1800330b0	pipeline/1800330B0_FUN_1800330b0.txt	pipeline	2	FUN_180031d20 @18003262e	523
18007b530	FUN_18007b530	pipeline/18007B530_FUN_18007b530.txt	pipeline	2	FUN_18007b640 @18007b654	258
18007b780	FUN_18007b780	pipeline/18007B780_FUN_18007b780.txt	pipeline	2	FUN_18007b640 @18007b726	1971
180077f60	FUN_180077f60	pipeline/180077F60_FUN_180077f60.txt	pipeline	2	FUN_180076ed0 @180077045	115
180077fe0	FUN_180077fe0	pipeline/180077FE0_FUN_180077fe0.txt	pipeline	2	FUN_180076ed0 @1800770a2	177
1800780a0	FUN_1800780a0	pipeline/1800780A0_FUN_1800780a0.txt	pipeline	2	FUN_180076ed0 @1800770f5	115
180076440	FUN_180076440	pipeline/180076440_FUN_180076440.txt	pipeline	2	FUN_180076ed0 @18007710b	2363
180076d80	FUN_180076d80	pipeline/180076D80_FUN_180076d80.txt	pipeline	2	FUN_180076ed0 @1800778fb	124
1801697c0	FUN_1801697c0	pipeline/1801697C0_FUN_1801697c0.txt	pipeline	2	FUN_180076ed0 @180077ebb	9
1801697e0	FUN_1801697e0	pipeline/1801697E0_FUN_1801697e0.txt	pipeline	2	FUN_180076ed0 @180077ec6	9
180037c70	FUN_180037c70	pipeline/180037C70_FUN_180037c70.txt	pipeline	2	FUN_180037730 @18003789a	115
180037cf0	FUN_180037cf0	pipeline/180037CF0_FUN_180037cf0.txt	pipeline	2	FUN_180037730 @180037954	205
180037dd0	FUN_180037dd0	pipeline/180037DD0_FUN_180037dd0.txt	pipeline	2	FUN_180037730 @180037a15	115
1801665d0	FUN_1801665d0	pipeline/1801665D0_FUN_1801665d0.txt	pipeline	2	FUN_180037730 @180037afd	9
180037e50	FUN_180037e50	pipeline/180037E50_FUN_180037e50.txt	pipeline	2	FUN_180037730 @180037bb5	435
180035fb0	FUN_180035fb0	pipeline/180035FB0_FUN_180035fb0.txt	pipeline	2	FUN_18008a0c0 @18008a0e5	1685
1801696e0	FUN_1801696e0	pipeline/1801696E0_FUN_1801696e0.txt	pipeline	2	FUN_18008a0c0 @18008a1b3	5
1801063c0	FUN_1801063c0	pipeline/1801063C0_FUN_1801063c0.txt	pipeline	2	FUN_18008a0c0 @18008a20c	246
180169640	FUN_180169640	pipeline/180169640_FUN_180169640.txt	pipeline	2	FUN_18010d2e0 @18010d3b8	6
180169770	FUN_180169770	pipeline/180169770_FUN_180169770.txt	pipeline	2	FUN_18010d2e0 @18010d3c4	6
180169790	FUN_180169790	pipeline/180169790_FUN_180169790.txt	pipeline	2	FUN_18010d2e0 @18010d3e9	6
1801697f0	FUN_1801697f0	pipeline/1801697F0_FUN_1801697f0.txt	pipeline	2	FUN_18010d2e0 @18010d59d	16
180169650	FUN_180169650	pipeline/180169650_FUN_180169650.txt	pipeline	2	FUN_18010d2e0 @18010d5b2	3
180169720	FUN_180169720	pipeline/180169720_FUN_180169720.txt	pipeline	2	FUN_18010d2e0 @18010d5d0	8
180169730	FUN_180169730	pipeline/180169730_FUN_180169730.txt	pipeline	2	FUN_18010d2e0 @18010d5df	8
18010d900	FUN_18010d900	pipeline/18010D900_FUN_18010d900.txt	pipeline	2	FUN_18010d2e0 @18010d60b	866
180190470	FUN_180190470	pipeline/180190470_FUN_180190470.txt	pipeline	2	FUN_18016d040 @18016d09c	111
18018a7e0	FUN_18018a7e0	pipeline/18018A7E0_FUN_18018a7e0.txt	pipeline	2	FUN_18016d4e0 @18016d52d	11
18018a7f0	FUN_18018a7f0	pipeline/18018A7F0_FUN_18018a7f0.txt	pipeline	2	FUN_18016d4e0 @18016d53a	11
1800120c0	FUN_1800120c0	pipeline/1800120C0_FUN_1800120c0.txt	pipeline	2	FUN_18004a490 @18004a55a	246
1800b71e0	FUN_1800b71e0	pipeline/1800B71E0_FUN_1800b71e0.txt	pipeline	2	FUN_1800e71b0 @1800e71fb	29
1800b7070	FUN_1800b7070	pipeline/1800B7070_FUN_1800b7070.txt	pipeline	2	FUN_1800e71b0 @1800e7216	307
1800b6d90	FUN_1800b6d90	pipeline/1800B6D90_FUN_1800b6d90.txt	pipeline	2	FUN_1800e71b0 @1800e722a	599
1800e7830	FUN_1800e7830	pipeline/1800E7830_FUN_1800e7830.txt	pipeline	2	FUN_1800e71b0 @1800e7265	152
1800e7550	FUN_1800e7550	pipeline/1800E7550_FUN_1800e7550.txt	pipeline	2	FUN_1800e71b0 @1800e727a	600
1800ecac0	FUN_1800ecac0	pipeline/1800ECAC0_FUN_1800ecac0.txt	pipeline	2	FUN_1800ed670 @1800ed72c	170
1800a1870	FUN_1800a1870	pipeline/1800A1870_FUN_1800a1870.txt	pipeline	2	FUN_1800a0ff0 @1800a10c0	274
1800bd7e0	FUN_1800bd7e0	pipeline/1800BD7E0_FUN_1800bd7e0.txt	pipeline	2	FUN_1800bd4d0 @1800bd6d6	285
1800bd770	FUN_1800bd770	pipeline/1800BD770_FUN_1800bd770.txt	pipeline	2	FUN_1800bd4d0 @1800bd746	99
1800b7680	FUN_1800b7680	pipeline/1800B7680_FUN_1800b7680.txt	pipeline	2	FUN_1800b7300 @1800b737b	180
18004bf20	FUN_18004bf20	pipeline/18004BF20_FUN_18004bf20.txt	pipeline	2	FUN_1800b7300 @1800b73ad	334
18009d5f0	FUN_18009d5f0	pipeline/18009D5F0_FUN_18009d5f0.txt	pipeline	2	FUN_1800b7300 @1800b73cc	320
1800b7fc0	FUN_1800b7fc0	pipeline/1800B7FC0_FUN_1800b7fc0.txt	pipeline	2	FUN_1800a4dc0 @1800a4df3	63
18016c450	FUN_18016c450	pipeline/18016C450_FUN_18016c450.txt	pipeline	2	FUN_1800a4dc0 @1800a4e10	239
18016d570	FUN_18016d570	pipeline/18016D570_FUN_18016d570.txt	pipeline	2	FUN_1800a4dc0 @1800a4e28	307
1800b7c80	FUN_1800b7c80	pipeline/1800B7C80_FUN_1800b7c80.txt	pipeline	2	FUN_1800a2ed0 @1800a2fd6	501
18021f4bc	FUN_18021f4bc	pipeline/18021F4BC_FUN_18021f4bc.txt	pipeline	2	FUN_1800a5150 @1800a5284	7
1800ed340	FUN_1800ed340	pipeline/1800ED340_FUN_1800ed340.txt	pipeline	2	FUN_1800a5150 @1800a52d3	574
1800b8000	FUN_1800b8000	pipeline/1800B8000_FUN_1800b8000.txt	pipeline	2	FUN_1800a5150 @1800a54c4	1076
1800afe20	FUN_1800afe20	pipeline/1800AFE20_FUN_1800afe20.txt	pipeline	2	FUN_1800a5150 @1800a57b6	1741
1801702d0	FUN_1801702d0	pipeline/1801702D0_FUN_1801702d0.txt	pipeline	2	FUN_1800a5150 @1800a57be	16
1800b9620	FUN_1800b9620	pipeline/1800B9620_FUN_1800b9620.txt	pipeline	2	FUN_1800a5150 @1800a57e3	330
1800e2500	FUN_1800e2500	pipeline/1800E2500_FUN_1800e2500.txt	pipeline	2	FUN_1800e2750 @1800e2786	267
1800a2e10	FUN_1800a2e10	pipeline/1800A2E10_FUN_1800a2e10.txt	pipeline	2	FUN_1800e3230 @1800e36e3	78
1800b4650	FUN_1800b4650	pipeline/1800B4650_FUN_1800b4650.txt	pipeline	2	FUN_1800e3230 @1800e3849	108
1800e3fc0	FUN_1800e3fc0	pipeline/1800E3FC0_FUN_1800e3fc0.txt	pipeline	2	FUN_1800e3230 @1800e385e	380
18021d410	FUN_18021d410	pipeline/18021D410_FUN_18021d410.txt	pipeline	2	FUN_1800e3230 @1800e38b5	177
1800e3f00	FUN_1800e3f00	pipeline/1800E3F00_FUN_1800e3f00.txt	pipeline	2	FUN_1800e3230 @1800e398d	178
1801845c0	FUN_1801845c0	pipeline/1801845C0_FUN_1801845c0.txt	pipeline	2	FUN_1800e3230 @1800e3caf	34
180184578	FUN_180184578	pipeline/180184578_FUN_180184578.txt	pipeline	2	FUN_1800e3230 @1800e3cbb	34
180093b80	FUN_180093b80	pipeline/180093B80_FUN_180093b80.txt	pipeline	2	FUN_1800935a0 @1800936a9	451
180093d50	FUN_180093d50	pipeline/180093D50_FUN_180093d50.txt	pipeline	2	FUN_1800935a0 @180093b52	216
1800125e0	FUN_1800125e0	pipeline/1800125E0_FUN_1800125e0.txt	pipeline	2	FUN_1800122b0 @1800123e6	315
1800a1140	FUN_1800a1140	pipeline/1800A1140_FUN_1800a1140.txt	pipeline	2	FUN_1800b8e50 @1800b8e83	1833
1800b7aa0	FUN_1800b7aa0	pipeline/1800B7AA0_FUN_1800b7aa0.txt	pipeline	2	FUN_1800aa740 @1800aa77c	66
1800b7af0	FUN_1800b7af0	pipeline/1800B7AF0_FUN_1800b7af0.txt	pipeline	2	FUN_1800b8f20 @1800b9266	222
1800f6b50	FUN_1800f6b50	pipeline/1800F6B50_FUN_1800f6b50.txt	pipeline	2	FUN_18013c8d0 @18013c930	523
18014bdc0	FUN_18014bdc0	pipeline/18014BDC0_FUN_18014bdc0.txt	pipeline	2	FUN_18013c8d0 @18013caa2	277
18012afe0	FUN_18012afe0	pipeline/18012AFE0_FUN_18012afe0.txt	pipeline	2	FUN_18012af90 @18012afcd	590
18000b330	FUN_18000b330	pipeline/18000B330_FUN_18000b330.txt	pipeline	2	FUN_18000a720 @18000aa3f	451
180109bd0	FUN_180109bd0	pipeline/180109BD0_FUN_180109bd0.txt	pipeline	2	FUN_18003e660 @18003e706	195
18005d0a0	FUN_18005d0a0	pipeline/18005D0A0_FUN_18005d0a0.txt	pipeline	2	FUN_18003e660 @18003e853	494
18005d2b0	FUN_18005d2b0	pipeline/18005D2B0_FUN_18005d2b0.txt	pipeline	2	FUN_18003e660 @18003e8f2	214
18004aea0	FUN_18004aea0	pipeline/18004AEA0_FUN_18004aea0.txt	pipeline	2	FUN_18003e660 @18003e9b2	260
180031b90	FUN_180031b90	pipeline/180031B90_FUN_180031b90.txt	pipeline	2	FUN_18003e660 @18003ea6d	388
1800274c0	FUN_1800274c0	pipeline/1800274C0_FUN_1800274c0.txt	pipeline	2	FUN_18003e660 @18003ead6	383
18005e4d0	FUN_18005e4d0	pipeline/18005E4D0_FUN_18005e4d0.txt	pipeline	2	FUN_18003e660 @18003f942	664
18005e790	FUN_18005e790	pipeline/18005E790_FUN_18005e790.txt	pipeline	2	FUN_18003e660 @18003fa36	214
18022bc20	FUN_18022bc20	pipeline/18022BC20_FUN_18022bc20.txt	pipeline	2	FUN_18021bc80 @18021bcae	9
18022bc30	FUN_18022bc30	pipeline/18022BC30_FUN_18022bc30.txt	pipeline	2	FUN_18021bc80 @18021bcf4	320
18005fd80	FUN_18005fd80	pipeline/18005FD80_FUN_18005fd80.txt	pipeline	2	FUN_180040950 @180040b68	377
18004acf0	FUN_18004acf0	pipeline/18004ACF0_FUN_18004acf0.txt	pipeline	2	FUN_18003de10 @18003df71	429
18006c070	FUN_18006c070	pipeline/18006C070_FUN_18006c070.txt	pipeline	2	FUN_180042fe0 @180043271	74
18004a780	FUN_18004a780	pipeline/18004A780_FUN_18004a780.txt	pipeline	2	FUN_180042fe0 @18004330d	115
180165e30	FUN_180165e30	pipeline/180165E30_FUN_180165e30.txt	pipeline	2	FUN_18003dfb0 @18003e38f	46
18006ba00	FUN_18006ba00	pipeline/18006BA00_FUN_18006ba00.txt	pipeline	2	FUN_18003dfb0 @18003e519	1513
180030f00	FUN_180030f00	pipeline/180030F00_FUN_180030f00.txt	pipeline	2	FUN_180030e50 @180030e5e	2065
180044c60	FUN_180044c60	pipeline/180044C60_FUN_180044c60.txt	pipeline	2	FUN_180044370 @18004458e	351
180060040	FUN_180060040	pipeline/180060040_FUN_180060040.txt	pipeline	2	FUN_180044370 @180044715	395
1802186c0	FUN_1802186c0	hitchance/1802186C0_FUN_1802186c0.txt	hitchance	2	FUN_180035870 @18003588c	137
180063640	FUN_180063640	hitchance/180063640_FUN_180063640.txt	hitchance	2	FUN_1800631c0 @1800632cb	446
180063800	FUN_180063800	hitchance/180063800_FUN_180063800.txt	hitchance	2	FUN_180063540 @1800635e5	1295
180063d40	FUN_180063d40	hitchance/180063D40_FUN_180063d40.txt	hitchance	2	FUN_180063540 @180063620	660
1801845e4	FUN_1801845e4	hitchance/1801845E4_FUN_1801845e4.txt	hitchance	2	FUN_180184684 @18018468d	21
1800e6dc0	FUN_1800e6dc0	hitchance/1800E6DC0_FUN_1800e6dc0.txt	hitchance	2	FUN_1800e6b90 @1800e6c94	246
18016c350	FUN_18016c350	hitchance/18016C350_FUN_18016c350.txt	hitchance	2	FUN_1800e4140 @1800e416d	35
18016cf00	FUN_18016cf00	hitchance/18016CF00_FUN_18016cf00.txt	hitchance	2	FUN_1800e4140 @1800e4180	27
18010aac0	FUN_18010aac0	hitchance/18010AAC0_FUN_18010aac0.txt	hitchance	2	FUN_180065130 @18006539b	1075
180152b00	FUN_180152b00	hitchance/180152B00_FUN_180152b00.txt	hitchance	2	FUN_18013f620 @18013fa27	688
18013d310	FUN_18013d310	hitchance/18013D310_FUN_18013d310.txt	hitchance	2	FUN_18013f620 @18013fc02	250
18013d220	FUN_18013d220	hitchance/18013D220_FUN_18013d220.txt	hitchance	2	FUN_18013f620 @18013fc97	227
180103e50	FUN_180103e50	hitchance/180103E50_FUN_180103e50.txt	hitchance	2	FUN_18013f620 @180140070	898
180124b40	FUN_180124b40	hitchance/180124B40_FUN_180124b40.txt	hitchance	2	FUN_18013f620 @1801400a8	310
18013cb90	FUN_18013cb90	hitchance/18013CB90_FUN_18013cb90.txt	hitchance	2	FUN_1801462d0 @1801464b9	243
18013cd40	FUN_18013cd40	hitchance/18013CD40_FUN_18013cd40.txt	hitchance	2	FUN_1801462d0 @1801464c4	234
180203cac	FUN_180203cac	hitchance/180203CAC_FUN_180203cac.txt	hitchance	2	FUN_1801462d0 @1801464e6	320
18013df20	FUN_18013df20	hitchance/18013DF20_FUN_18013df20.txt	hitchance	2	FUN_1801462d0 @1801465b5	347
18013d030	FUN_18013d030	hitchance/18013D030_FUN_18013d030.txt	hitchance	2	FUN_1801462d0 @1801465f2	201
18013ce40	FUN_18013ce40	hitchance/18013CE40_FUN_18013ce40.txt	hitchance	2	FUN_1801462d0 @1801466e8	231
18014c500	FUN_18014c500	hitchance/18014C500_FUN_18014c500.txt	hitchance	2	FUN_1801462d0 @18014671f	281
18014c620	FUN_18014c620	hitchance/18014C620_FUN_18014c620.txt	hitchance	2	FUN_1801462d0 @180146736	251
18014e3f0	FUN_18014e3f0	hitchance/18014E3F0_FUN_18014e3f0.txt	hitchance	2	FUN_1801462d0 @1801467cb	377
18009baa0	FUN_18009baa0	hitchance/18009BAA0_FUN_18009baa0.txt	hitchance	2	FUN_1801462d0 @180146871	456
18013daf0	FUN_18013daf0	hitchance/18013DAF0_FUN_18013daf0.txt	hitchance	2	FUN_1801462d0 @180146a1a	259
1800b97b0	FUN_1800b97b0	hitchance/1800B97B0_FUN_1800b97b0.txt	hitchance	2	FUN_1801462d0 @180146a24	237
18013bef0	FUN_18013bef0	hitchance/18013BEF0_FUN_18013bef0.txt	hitchance	2	FUN_1801462d0 @180146a6f	540
18013e3f0	FUN_18013e3f0	hitchance/18013E3F0_FUN_18013e3f0.txt	hitchance	2	FUN_1801462d0 @180146bae	681
180128210	FUN_180128210	hitchance/180128210_FUN_180128210.txt	hitchance	2	FUN_1801462d0 @180147122	723
180152fa0	FUN_180152fa0	hitchance/180152FA0_FUN_180152fa0.txt	hitchance	2	FUN_180145230 @1801455d0	672
180152440	FUN_180152440	hitchance/180152440_FUN_180152440.txt	hitchance	2	FUN_180145230 @1801458eb	688
180152dc0	FUN_180152dc0	hitchance/180152DC0_FUN_180152dc0.txt	hitchance	2	FUN_180145230 @180145b76	475
180016210	FUN_180016210	hitchance/180016210_FUN_180016210.txt	hitchance	2	FUN_180145230 @1801461a8	270
18014bd00	FUN_18014bd00	hitchance/18014BD00_FUN_18014bd00.txt	hitchance	2	FUN_180145230 @1801461ad	179
18013cc90	FUN_18013cc90	hitchance/18013CC90_FUN_18013cc90.txt	hitchance	2	FUN_1801484e0 @180148a1a	174
180149180	FUN_180149180	hitchance/180149180_FUN_180149180.txt	hitchance	2	FUN_1801484e0 @180148a3b	546
18013dc00	FUN_18013dc00	hitchance/18013DC00_FUN_18013dc00.txt	hitchance	2	FUN_1801484e0 @180148a59	36
18013a8b0	FUN_18013a8b0	hitchance/18013A8B0_FUN_18013a8b0.txt	hitchance	2	FUN_1801484e0 @180148b79	372
18014c0f0	FUN_18014c0f0	hitchance/18014C0F0_FUN_18014c0f0.txt	hitchance	2	FUN_1801484e0 @180148bce	1026
180150910	FUN_180150910	hitchance/180150910_FUN_180150910.txt	hitchance	2	FUN_1801484e0 @180148be5	34
18014bee0	FUN_18014bee0	hitchance/18014BEE0_FUN_18014bee0.txt	hitchance	2	FUN_1801484e0 @180149156	514
180124d50	FUN_180124d50	hitchance/180124D50_FUN_180124d50.txt	hitchance	2	FUN_180141210 @1801412c8	19
180129960	FUN_180129960	hitchance/180129960_FUN_180129960.txt	hitchance	2	FUN_18013e190 @18013e326	843
180126130	FUN_180126130	hitchance/180126130_FUN_180126130.txt	hitchance	2	FUN_180140270 @180140813	4493
1801345c0	FUN_1801345c0	nospread/1801345C0_FUN_1801345c0.txt	nospread	2	FUN_180132f60 @180133420	609
180135300	FUN_180135300	nospread/180135300_FUN_180135300.txt	nospread	2	FUN_180132f60 @180133430	363
180134910	FUN_180134910	nospread/180134910_FUN_180134910.txt	nospread	2	FUN_180132f60 @1801335e2	870
180134830	FUN_180134830	nospread/180134830_FUN_180134830.txt	nospread	2	FUN_180132f60 @180133648	217
180134ca0	FUN_180134ca0	nospread/180134CA0_FUN_180134ca0.txt	nospread	2	FUN_180132f60 @180133717	87
180134d00	FUN_180134d00	nospread/180134D00_FUN_180134d00.txt	nospread	2	FUN_180132f60 @180133809	87
180134d60	FUN_180134d60	nospread/180134D60_FUN_180134d60.txt	nospread	2	FUN_180132f60 @18013383c	58
180134da0	FUN_180134da0	nospread/180134DA0_FUN_180134da0.txt	nospread	2	FUN_180132f60 @1801338ad	92
180134e00	FUN_180134e00	nospread/180134E00_FUN_180134e00.txt	nospread	2	FUN_180132f60 @180133910	186
180135470	FUN_180135470	nospread/180135470_FUN_180135470.txt	nospread	2	FUN_180133950 @180133e0e	306
18021ef00	FUN_18021ef00	nospread/18021EF00_FUN_18021ef00.txt	nospread	2	FUN_180133950 @1801342aa	722
18008b250	FUN_18008b250	nospread/18008B250_FUN_18008b250.txt	nospread	2	FUN_180087b10 @180087b29	336
180089b90	FUN_180089b90	nospread/180089B90_FUN_180089b90.txt	nospread	2	FUN_180087b10 @180087b55	512
180165210	FUN_180165210	nospread/180165210_FUN_180165210.txt	nospread	2	FUN_180087b10 @180087b5f	1253
180165700	FUN_180165700	nospread/180165700_FUN_180165700.txt	nospread	2	FUN_180087b10 @180087b6f	293
180167630	FUN_180167630	nospread/180167630_FUN_180167630.txt	nospread	2	FUN_180087b10 @180087b92	16
18008b3a0	FUN_18008b3a0	nospread/18008B3A0_FUN_18008b3a0.txt	nospread	2	FUN_180087bf0 @180087c0a	37
18008b3d0	FUN_18008b3d0	nospread/18008B3D0_FUN_18008b3d0.txt	nospread	2	FUN_180087bf0 @180087c4e	216
180169fd0	FUN_180169fd0	nospread/180169FD0_FUN_180169fd0.txt	nospread	2	FUN_1801659b0 @180165b55	88
180165960	FUN_180165960	nospread/180165960_FUN_180165960.txt	nospread	2	FUN_1801659b0 @180165bdb	75
180075500	FUN_180075500	nospread/180075500_FUN_180075500.txt	nospread	2	FUN_180087c70 @180087ce6	1773
1801099c0	FUN_1801099c0	nospread/1801099C0_FUN_1801099c0.txt	nospread	2	FUN_180087d10 @180087d27	53
180109a00	FUN_180109a00	nospread/180109A00_FUN_180109a00.txt	nospread	2	FUN_180087d10 @180087d37	198
18010e0d0	FUN_18010e0d0	nospread/18010E0D0_FUN_18010e0d0.txt	nospread	2	FUN_180087d10 @180087d43	1981
180019ff0	FUN_180019ff0	nospread/180019FF0_FUN_180019ff0.txt	nospread	2	FUN_180087d10 @180087d9c	6090
180009180	FUN_180009180	nospread/180009180_FUN_180009180.txt	nospread	2	FUN_180087d10 @180087daa	1841
180018910	FUN_180018910	nospread/180018910_FUN_180018910.txt	nospread	2	FUN_180087d10 @180087db6	1301
18002e190	FUN_18002e190	nospread/18002E190_FUN_18002e190.txt	nospread	2	FUN_180087d10 @180087dc2	2389
18007dcb0	FUN_18007dcb0	nospread/18007DCB0_FUN_18007dcb0.txt	nospread	2	FUN_180087d10 @180087dce	185
180082da0	FUN_180082da0	nospread/180082DA0_FUN_180082da0.txt	nospread	2	FUN_180087d10 @180087dda	761
180075c50	FUN_180075c50	nospread/180075C50_FUN_180075c50.txt	nospread	2	FUN_180087d10 @180087df5	33
180072cd0	FUN_180072cd0	nospread/180072CD0_FUN_180072cd0.txt	nospread	2	FUN_180087d10 @180087e51	1277
1801157f0	FUN_1801157f0	nospread/1801157F0_FUN_1801157f0.txt	nospread	2	FUN_180087d10 @180087ea5	1003
18010a980	FUN_18010a980	nospread/18010A980_FUN_18010a980.txt	nospread	2	FUN_180087d10 @180087eb1	318
180067a30	FUN_180067a30	nospread/180067A30_FUN_180067a30.txt	nospread	2	FUN_180087d10 @180087f03	3260
1800b08e0	FUN_1800b08e0	nospread/1800B08E0_FUN_1800b08e0.txt	nospread	2	FUN_180087d10 @180087f21	692
180109420	FUN_180109420	nospread/180109420_FUN_180109420.txt	nospread	2	FUN_1800887c0 @1800887d7	239
1801098d0	FUN_1801098d0	nospread/1801098D0_FUN_1801098d0.txt	nospread	2	FUN_180088810 @180088827	153
180115770	FUN_180115770	nospread/180115770_FUN_180115770.txt	nospread	2	FUN_180088860 @180088887	121
18007e450	FUN_18007e450	nospread/18007E450_FUN_18007e450.txt	nospread	2	FUN_1800888a0 @1800888e8	594
18007e6f0	FUN_18007e6f0	nospread/18007E6F0_FUN_18007e6f0.txt	nospread	2	FUN_1800888a0 @180088931	93
18007e750	FUN_18007e750	nospread/18007E750_FUN_18007e750.txt	nospread	2	FUN_180088940 @180088957	116
180072ba0	FUN_180072ba0	nospread/180072BA0_FUN_180072ba0.txt	nospread	2	FUN_180088940 @180088966	179
18007e7d0	FUN_18007e7d0	nospread/18007E7D0_FUN_18007e7d0.txt	nospread	2	FUN_1800889b0 @180088a03	464
18007ea00	FUN_18007ea00	nospread/18007EA00_FUN_18007ea00.txt	nospread	2	FUN_180088a20 @180088a75	409
180109510	FUN_180109510	nospread/180109510_FUN_180109510.txt	nospread	2	FUN_180088ac0 @180088ae8	223
18006ec40	FUN_18006ec40	nospread/18006EC40_FUN_18006ec40.txt	nospread	2	FUN_180088ac0 @180088b55	226
18006ed30	FUN_18006ed30	nospread/18006ED30_FUN_18006ed30.txt	nospread	2	FUN_180088b90 @180088c28	406
18006d750	FUN_18006d750	nospread/18006D750_FUN_18006d750.txt	nospread	2	FUN_180088c60 @180088d7f	591
18010f030	FUN_18010f030	nospread/18010F030_FUN_18010f030.txt	nospread	2	FUN_180088c60 @180088db5	142
18007ebb0	FUN_18007ebb0	nospread/18007EBB0_FUN_18007ebb0.txt	nospread	2	FUN_180088df0 @180088e09	524
18007edc0	FUN_18007edc0	nospread/18007EDC0_FUN_18007edc0.txt	nospread	2	FUN_180088e40 @180088e5f	656
180071ef0	FUN_180071ef0	nospread/180071EF0_FUN_180071ef0.txt	nospread	2	FUN_180088f30 @180088f53	419
1800763c0	FUN_1800763c0	nospread/1800763C0_FUN_1800763c0.txt	nospread	2	FUN_180088f30 @180088f67	124
1800723f0	FUN_1800723f0	nospread/1800723F0_FUN_1800723f0.txt	nospread	2	FUN_180088f70 @180088f98	646
180076320	FUN_180076320	nospread/180076320_FUN_180076320.txt	nospread	2	FUN_180088fd0 @180088fee	153
180089f90	FUN_180089f90	nospread/180089F90_FUN_180089f90.txt	nospread	2	FUN_1800890c0 @18008937c	115
180072b50	FUN_180072b50	nospread/180072B50_FUN_180072b50.txt	nospread	2	FUN_1800890c0 @180089459	68
180089f10	FUN_180089f10	nospread/180089F10_FUN_180089f10.txt	nospread	2	FUN_1800890c0 @180089538	113
18006d9b0	FUN_18006d9b0	nospread/18006D9B0_FUN_18006d9b0.txt	nospread	2	FUN_1800895f0 @18008964e	1205
180069910	FUN_180069910	nospread/180069910_FUN_180069910.txt	nospread	2	FUN_180089670 @1800896a1	165
180109980	FUN_180109980	nospread/180109980_FUN_180109980.txt	nospread	2	FUN_180089670 @1800896ad	52
18010e890	FUN_18010e890	nospread/18010E890_FUN_18010e890.txt	nospread	2	FUN_180089670 @1800896b9	65
180204740	FUN_180204740	nospread/180204740_FUN_180204740.txt	nospread	2	FUN_180089670 @18008972c	302
18007dca0	FUN_18007dca0	nospread/18007DCA0_FUN_18007dca0.txt	nospread	2	FUN_180089670 @1800897c8	16
180074ee0	FUN_180074ee0	nospread/180074EE0_FUN_180074ee0.txt	nospread	2	FUN_180089800 @18008980f	88
180072c60	FUN_180072c60	nospread/180072C60_FUN_180072c60.txt	nospread	2	FUN_180089800 @180089843	102
18008a010	FUN_18008a010	nospread/18008A010_FUN_18008a010.txt	nospread	2	FUN_1800898c0 @180089917	83
18008a070	FUN_18008a070	nospread/18008A070_FUN_18008a070.txt	nospread	2	FUN_1800898c0 @18008994a	68
180187b88	FUN_180187b88	nospread/180187B88_FUN_180187b88.txt	nospread	2	FUN_1800898c0 @1800899cb	9
18022ce10	FUN_18022ce10	nospread/18022CE10_FUN_18022ce10.txt	nospread	2	FUN_1802136e0 @1802136eb	430
180213700	FUN_180213700	nospread/180213700_FUN_180213700.txt	nospread	2	FUN_1802136e0 @1802136f1	473
18022ca30	FUN_18022ca30	nospread/18022CA30_FUN_18022ca30.txt	nospread	2	FUN_1802132c0 @1802132cb	987
1802132e0	FUN_1802132e0	nospread/1802132E0_FUN_1802132e0.txt	nospread	2	FUN_1802132c0 @1802132d1	1018
1801665e0	FUN_1801665e0	nospread/1801665E0_FUN_1801665e0.txt	nospread	2	FUN_180166b40 @180166bd6	361
1801669e0	FUN_1801669e0	nospread/1801669E0_FUN_1801669e0.txt	nospread	2	FUN_180166b40 @180166c4b	341
18002a630	FUN_18002a630	nospread/18002A630_FUN_18002a630.txt	nospread	2	FUN_180166b40 @180166eff	16
180012e50	FUN_180012e50	nospread/180012E50_FUN_180012e50.txt	nospread	2	FUN_18002f5a0 @18002f5b3	384
18006c5c0	FUN_18006c5c0	autowall_damage/18006C5C0_FUN_18006c5c0.txt	autowall_damage	2	FUN_180068710 @180068890	252
180165f10	FUN_180165f10	autowall_damage/180165F10_FUN_180165f10.txt	autowall_damage	2	FUN_1800487a0 @1800489a1	52
18004b8e0	FUN_18004b8e0	autowall_damage/18004B8E0_FUN_18004b8e0.txt	autowall_damage	2	FUN_1800487a0 @180048b17	260
18004bba0	FUN_18004bba0	autowall_damage/18004BBA0_FUN_18004bba0.txt	autowall_damage	2	FUN_1800487a0 @180048b34	680
18004b9f0	FUN_18004b9f0	autowall_damage/18004B9F0_FUN_18004b9f0.txt	autowall_damage	2	FUN_1800487a0 @180048bcc	424
18004a640	FUN_18004a640	autowall_damage/18004A640_FUN_18004a640.txt	autowall_damage	2	FUN_1800487a0 @1800493d8	317
1800614a0	FUN_1800614a0	autowall_damage/1800614A0_FUN_1800614a0.txt	autowall_damage	2	FUN_1800613a0 @18006144b	1725
180061bc0	FUN_180061bc0	autowall_damage/180061BC0_FUN_180061bc0.txt	autowall_damage	2	FUN_1800613a0 @180061486	1571
18006e410	FUN_18006e410	autowall_damage/18006E410_FUN_18006e410.txt	autowall_damage	2	FUN_1800e6b00 @1800e6b0e	13
1800731e0	FUN_1800731e0	autowall_damage/1800731E0_FUN_1800731e0.txt	autowall_damage	2	FUN_1800e6b60 @1800e6b6e	20
18016efa0	FUN_18016efa0	trace_geometry/18016EFA0_FUN_18016efa0.txt	trace_geometry	2	FUN_180171a60 @180171a86	202
18016c7b0	FUN_18016c7b0	trace_geometry/18016C7B0_FUN_18016c7b0.txt	trace_geometry	2	FUN_18016f500 @18016f59f	40
18016df70	FUN_18016df70	trace_geometry/18016DF70_FUN_18016df70.txt	trace_geometry	2	FUN_180172830 @180172847	123
18016d430	FUN_18016d430	trace_geometry/18016D430_FUN_18016d430.txt	trace_geometry	2	FUN_180174d60 @180174de4	167
18016d140	FUN_18016d140	trace_geometry/18016D140_FUN_18016d140.txt	trace_geometry	2	FUN_180177870 @180177951	106
18016eec0	FUN_18016eec0	trace_geometry/18016EEC0_FUN_18016eec0.txt	trace_geometry	2	FUN_180177870 @18017795c	116
1801779b0	FUN_1801779b0	trace_geometry/1801779B0_FUN_1801779b0.txt	trace_geometry	2	FUN_180177870 @18017796d	612
18016cb50	FUN_18016cb50	trace_geometry/18016CB50_FUN_18016cb50.txt	trace_geometry	2	FUN_180178310 @18017835e	104
18016ddc0	FUN_18016ddc0	trace_geometry/18016DDC0_FUN_18016ddc0.txt	trace_geometry	2	FUN_18016d220 @18016d252	191
180190d90	FUN_180190d90	trace_geometry/180190D90_FUN_180190d90.txt	trace_geometry	2	FUN_18016d0d0 @18016d0e7	52
180190dd0	FUN_180190dd0	trace_geometry/180190DD0_FUN_180190dd0.txt	trace_geometry	2	FUN_18016d0d0 @18016d111	746
18018bf30	FUN_18018bf30	trace_geometry/18018BF30_FUN_18018bf30.txt	trace_geometry	2	FUN_18016d0d0 @18016d124	330
1800bd3c0	FUN_1800bd3c0	trace_geometry/1800BD3C0_FUN_1800bd3c0.txt	trace_geometry	2	FUN_1800bd920 @1800bdbe0	217
1800e2610	FUN_1800e2610	trace_geometry/1800E2610_FUN_1800e2610.txt	trace_geometry	2	FUN_1800bd920 @1800bdd46	242
18016ead0	FUN_18016ead0	trace_geometry/18016EAD0_FUN_18016ead0.txt	trace_geometry	2	FUN_1800c0c40 @1800c0fd4	240
18016ce00	FUN_18016ce00	trace_geometry/18016CE00_FUN_18016ce00.txt	trace_geometry	2	FUN_1800c1760 @1800c1998	31
1800931b0	FUN_1800931b0	trace_geometry/1800931B0_FUN_1800931b0.txt	trace_geometry	2	FUN_1800c1a70 @1800c1e67	659
180169900	FUN_180169900	trace_geometry/180169900_FUN_180169900.txt	trace_geometry	2	FUN_1800c2e00 @1800c3407	6
180035e40	FUN_180035e40	trace_geometry/180035E40_FUN_180035e40.txt	trace_geometry	2	FUN_1800c45b0 @1800c47d0	145
180035ee0	FUN_180035ee0	trace_geometry/180035EE0_FUN_180035ee0.txt	trace_geometry	2	FUN_1800c45b0 @1800c4823	193
1801698a0	FUN_1801698a0	trace_geometry/1801698A0_FUN_1801698a0.txt	trace_geometry	2	FUN_1800c4a30 @1800c4dc2	10
18016c6b0	FUN_18016c6b0	trace_geometry/18016C6B0_FUN_18016c6b0.txt	trace_geometry	2	FUN_1800c4ff0 @1800c5145	25
18016c760	FUN_18016c760	trace_geometry/18016C760_FUN_18016c760.txt	trace_geometry	2	FUN_1800c4ff0 @1800c5161	75
180169800	FUN_180169800	trace_geometry/180169800_FUN_180169800.txt	trace_geometry	2	FUN_1800c4ff0 @1800c5281	19
1800b2310	FUN_1800b2310	trace_geometry/1800B2310_FUN_1800b2310.txt	trace_geometry	2	FUN_1800c55e0 @1800c5866	223
1800e6f20	FUN_1800e6f20	trace_geometry/1800E6F20_FUN_1800e6f20.txt	trace_geometry	2	FUN_1800c6040 @1800c6438	29
180108e20	FUN_180108e20	trace_geometry/180108E20_FUN_180108e20.txt	trace_geometry	2	FUN_1800c6810 @1800c6a10	1472
1800e6f50	FUN_1800e6f50	trace_geometry/1800E6F50_FUN_1800e6f50.txt	trace_geometry	2	FUN_1800c8280 @1800c8600	29
180213a60	FUN_180213a60	trace_geometry/180213A60_FUN_180213a60.txt	trace_geometry	2	FUN_1800d1c40 @1800d2141	1339
18021af90	FUN_18021af90	trace_geometry/18021AF90_FUN_18021af90.txt	trace_geometry	2	FUN_1800d1c40 @1800d21e4	1277
18021bbc0	FUN_18021bbc0	trace_geometry/18021BBC0_FUN_18021bbc0.txt	trace_geometry	2	FUN_1800d1c40 @1800d231d	184
1800e7ac0	FUN_1800e7ac0	trace_geometry/1800E7AC0_FUN_1800e7ac0.txt	trace_geometry	2	FUN_1800d5b40 @1800d5dc8	1065
1800e80c0	FUN_1800e80c0	trace_geometry/1800E80C0_FUN_1800e80c0.txt	trace_geometry	2	FUN_1800d5b40 @1800d5dd9	322
180129500	FUN_180129500	trace_geometry/180129500_FUN_180129500.txt	trace_geometry	2	FUN_1800d6660 @1800d6ac5	463
180127fc0	FUN_180127fc0	trace_geometry/180127FC0_FUN_180127fc0.txt	trace_geometry	2	FUN_1800d6c30 @1800d6fc6	589
1801296d0	FUN_1801296d0	trace_geometry/1801296D0_FUN_1801296d0.txt	trace_geometry	2	FUN_1800d6c30 @1800d6fe9	642
1800e8e30	FUN_1800e8e30	trace_geometry/1800E8E30_FUN_1800e8e30.txt	trace_geometry	2	FUN_1800d7110 @1800d7282	1981
1800e8210	FUN_1800e8210	trace_geometry/1800E8210_FUN_1800e8210.txt	trace_geometry	2	FUN_1800d7110 @1800d729b	2409
1800e9ae0	FUN_1800e9ae0	trace_geometry/1800E9AE0_FUN_1800e9ae0.txt	trace_geometry	2	FUN_1800d7340 @1800d74b2	275
18012b580	FUN_18012b580	trace_geometry/18012B580_FUN_18012b580.txt	trace_geometry	2	FUN_1800d7a40 @1800d802c	2491
18012cee0	FUN_18012cee0	trace_geometry/18012CEE0_FUN_18012cee0.txt	trace_geometry	2	FUN_1800d81e0 @1800d8514	1315
1800e9760	FUN_1800e9760	trace_geometry/1800E9760_FUN_1800e9760.txt	trace_geometry	2	FUN_1800d81e0 @1800d86be	388
180125ed0	FUN_180125ed0	trace_geometry/180125ED0_FUN_180125ed0.txt	trace_geometry	2	FUN_1800d8c80 @1800d90fc	596
1800e9c00	FUN_1800e9c00	trace_geometry/1800E9C00_FUN_1800e9c00.txt	trace_geometry	2	FUN_1800d9250 @1800d93d4	2857
180128830	FUN_180128830	trace_geometry/180128830_FUN_180128830.txt	trace_geometry	2	FUN_1800d9250 @1800d9505	3127
1800eaee0	FUN_1800eaee0	trace_geometry/1800EAEE0_FUN_1800eaee0.txt	trace_geometry	2	FUN_1800d9670 @1800d9cde	432
1800ead50	FUN_1800ead50	trace_geometry/1800EAD50_FUN_1800ead50.txt	trace_geometry	2	FUN_1800da340 @1800da9c6	392
180165e90	FUN_180165e90	trace_geometry/180165E90_FUN_180165e90.txt	trace_geometry	2	FUN_1800db540 @1800db861	75
180115e50	FUN_180115e50	trace_geometry/180115E50_FUN_180115e50.txt	trace_geometry	2	FUN_1800db540 @1800db99a	674
1801284f0	FUN_1801284f0	trace_geometry/1801284F0_FUN_1801284f0.txt	trace_geometry	2	FUN_1800dbda0 @1800dc203	626
180124840	FUN_180124840	trace_geometry/180124840_FUN_180124840.txt	trace_geometry	2	FUN_1800dd1a0 @1800dd395	503
1800ec8f0	FUN_1800ec8f0	trace_geometry/1800EC8F0_FUN_1800ec8f0.txt	trace_geometry	2	FUN_1800dd7b0 @1800ddfce	199
1800eb0a0	FUN_1800eb0a0	trace_geometry/1800EB0A0_FUN_1800eb0a0.txt	trace_geometry	2	FUN_1800dd7b0 @1800de016	633
1800b8c20	FUN_1800b8c20	trace_geometry/1800B8C20_FUN_1800b8c20.txt	trace_geometry	2	FUN_1800dd7b0 @1800de116	140
1800ed170	FUN_1800ed170	trace_geometry/1800ED170_FUN_1800ed170.txt	trace_geometry	2	FUN_1800dd7b0 @1800de37d	432
1800b46f0	FUN_1800b46f0	trace_geometry/1800B46F0_FUN_1800b46f0.txt	trace_geometry	2	FUN_1800dd7b0 @1800de551	106
1800eb5d0	FUN_1800eb5d0	trace_geometry/1800EB5D0_FUN_1800eb5d0.txt	trace_geometry	2	FUN_1800df500 @1800df632	280
1800eb720	FUN_1800eb720	trace_geometry/1800EB720_FUN_1800eb720.txt	trace_geometry	2	FUN_1800e1050 @1800e126e	240
18016dd10	FUN_18016dd10	trace_geometry/18016DD10_FUN_18016dd10.txt	trace_geometry	2	FUN_18016ce40 @18016ce72	169
18021a220	FUN_18021a220	trace_geometry/18021A220_FUN_18021a220.txt	trace_geometry	2	FUN_1800e1bf0 @1800e1d8f	941
18010a330	FUN_18010a330	hitbox_backtrack/18010A330_FUN_18010a330.txt	hitbox_backtrack	2	FUN_18010a070 @18010a133	99
18010a3d0	FUN_18010a3d0	hitbox_backtrack/18010A3D0_FUN_18010a3d0.txt	hitbox_backtrack	2	FUN_18010a070 @18010a2a0	909
180169b70	FUN_180169b70	pipeline/180169B70_FUN_180169b70.txt	pipeline	3	FUN_180169a60 @180169a9c	811
1801841a0	FUN_1801841a0	pipeline/1801841A0_FUN_1801841a0.txt	pipeline	3	FUN_180169a60 @180169ae6	39
180113cd0	FUN_180113cd0	pipeline/180113CD0_FUN_180113cd0.txt	pipeline	3	FUN_18010f6b0 @18010fae6	113
180113dd0	FUN_180113dd0	pipeline/180113DD0_FUN_180113dd0.txt	pipeline	3	FUN_18010f6b0 @18010fb52	113
180113fb0	FUN_180113fb0	pipeline/180113FB0_FUN_180113fb0.txt	pipeline	3	FUN_18010f6b0 @18010feb8	198
180114080	FUN_180114080	pipeline/180114080_FUN_180114080.txt	pipeline	3	FUN_18010f6b0 @18010fef9	201
180114150	FUN_180114150	pipeline/180114150_FUN_180114150.txt	pipeline	3	FUN_18010f6b0 @18010ff1e	196
180114220	FUN_180114220	pipeline/180114220_FUN_180114220.txt	pipeline	3	FUN_18010f6b0 @18010ffe3	230
180114310	FUN_180114310	pipeline/180114310_FUN_180114310.txt	pipeline	3	FUN_18010f6b0 @180110230	306
180114450	FUN_180114450	pipeline/180114450_FUN_180114450.txt	pipeline	3	FUN_18010f6b0 @180111b8d	139
1801144f0	FUN_1801144f0	pipeline/1801144F0_FUN_1801144f0.txt	pipeline	3	FUN_18010f6b0 @180111bdc	163
1801145a0	FUN_1801145a0	pipeline/1801145A0_FUN_1801145a0.txt	pipeline	3	FUN_18010f6b0 @180111d93	210
180114680	FUN_180114680	pipeline/180114680_FUN_180114680.txt	pipeline	3	FUN_18010f6b0 @180111de4	217
18004aa00	FUN_18004aa00	pipeline/18004AA00_FUN_18004aa00.txt	pipeline	3	FUN_1800392f0 @180039309	458
18005d090	FUN_18005d090	pipeline/18005D090_FUN_18005d090.txt	pipeline	3	FUN_1800393e0 @1800394a6	15
18003d370	FUN_18003d370	pipeline/18003D370_FUN_18003d370.txt	pipeline	3	FUN_180038e20 @1800390b1	99
1801698c0	FUN_1801698c0	pipeline/1801698C0_FUN_1801698c0.txt	pipeline	3	FUN_180032710 @18003274d	4
18010ded0	FUN_18010ded0	pipeline/18010DED0_FUN_18010ded0.txt	pipeline	3	FUN_180032710 @180032985	501
180035300	FUN_180035300	pipeline/180035300_FUN_180035300.txt	pipeline	3	FUN_180033660 @1800339af	218
1800260d0	FUN_1800260d0	pipeline/1800260D0_FUN_1800260d0.txt	pipeline	3	FUN_180033660 @180033a2b	105
1800353e0	FUN_1800353e0	pipeline/1800353E0_FUN_1800353e0.txt	pipeline	3	FUN_180033660 @180033ac0	115
180035460	FUN_180035460	pipeline/180035460_FUN_180035460.txt	pipeline	3	FUN_180033660 @180033af2	115
1800354e0	FUN_1800354e0	pipeline/1800354E0_FUN_1800354e0.txt	pipeline	3	FUN_180033660 @180033b15	115
180035560	FUN_180035560	pipeline/180035560_FUN_180035560.txt	pipeline	3	FUN_180033660 @180033b28	115
1800355e0	FUN_1800355e0	pipeline/1800355E0_FUN_1800355e0.txt	pipeline	3	FUN_180033660 @180033b46	264
1800356f0	FUN_1800356f0	pipeline/1800356F0_FUN_1800356f0.txt	pipeline	3	FUN_180033660 @1800341b9	115
180035770	FUN_180035770	pipeline/180035770_FUN_180035770.txt	pipeline	3	FUN_180033660 @1800341cd	115
1800357f0	FUN_1800357f0	pipeline/1800357F0_FUN_1800357f0.txt	pipeline	3	FUN_180033660 @180034680	115
18006c420	FUN_18006c420	pipeline/18006C420_FUN_18006c420.txt	pipeline	3	FUN_180033660 @18003479d	407
1800359d0	FUN_1800359d0	pipeline/1800359D0_FUN_1800359d0.txt	pipeline	3	FUN_180033660 @180034a03	115
180034ee0	FUN_180034ee0	pipeline/180034EE0_FUN_180034ee0.txt	pipeline	3	FUN_180032a30 @180032d16	1055
180076eb0	FUN_180076eb0	pipeline/180076EB0_FUN_180076eb0.txt	pipeline	3	FUN_18007b780 @18007bb36	31
180076e00	FUN_180076e00	pipeline/180076E00_FUN_180076e00.txt	pipeline	3	FUN_18007b780 @18007be45	170
180212770	FUN_180212770	pipeline/180212770_FUN_180212770.txt	pipeline	3	FUN_180076d80 @180076de4	22
180036650	FUN_180036650	pipeline/180036650_FUN_180036650.txt	pipeline	3	FUN_180035fb0 @180036047	115
1800366d0	FUN_1800366d0	pipeline/1800366D0_FUN_1800366d0.txt	pipeline	3	FUN_180035fb0 @1800360ff	115
1800367e0	FUN_1800367e0	pipeline/1800367E0_FUN_1800367e0.txt	pipeline	3	FUN_180035fb0 @1800362a2	710
180169910	FUN_180169910	pipeline/180169910_FUN_180169910.txt	pipeline	3	FUN_180035fb0 @18003635c	6
180169920	FUN_180169920	pipeline/180169920_FUN_180169920.txt	pipeline	3	FUN_180035fb0 @180036368	16
180036ac0	FUN_180036ac0	pipeline/180036AC0_FUN_180036ac0.txt	pipeline	3	FUN_180035fb0 @1800363b3	118
180169750	FUN_180169750	pipeline/180169750_FUN_180169750.txt	pipeline	3	FUN_180035fb0 @180036409	6
1801697b0	FUN_1801697b0	pipeline/1801697B0_FUN_1801697b0.txt	pipeline	3	FUN_180035fb0 @180036447	6
1801697d0	FUN_1801697d0	pipeline/1801697D0_FUN_1801697d0.txt	pipeline	3	FUN_180035fb0 @180036463	6
180036b40	FUN_180036b40	pipeline/180036B40_FUN_180036b40.txt	pipeline	3	FUN_180035fb0 @1800364af	118
180036bc0	FUN_180036bc0	pipeline/180036BC0_FUN_180036bc0.txt	pipeline	3	FUN_180035fb0 @1800364cf	2078
1800373e0	FUN_1800373e0	pipeline/1800373E0_FUN_1800373e0.txt	pipeline	3	FUN_180035fb0 @1800364db	806
1801696f0	FUN_1801696f0	pipeline/1801696F0_FUN_1801696f0.txt	pipeline	3	FUN_18010d900 @18010d9df	5
180169700	FUN_180169700	pipeline/180169700_FUN_180169700.txt	pipeline	3	FUN_18010d900 @18010d9ea	5
180192300	FUN_180192300	pipeline/180192300_FUN_180192300.txt	pipeline	3	FUN_180190470 @1801904bb	102
18018b520	FUN_18018b520	pipeline/18018B520_FUN_18018b520.txt	pipeline	3	FUN_18018a7e0 @18018a7e6	269
180012c90	FUN_180012c90	pipeline/180012C90_FUN_180012c90.txt	pipeline	3	FUN_1800120c0 @180012133	432
1800e7980	FUN_1800e7980	pipeline/1800E7980_FUN_1800e7980.txt	pipeline	3	FUN_1800e7830 @1800e78b2	314
18009d730	FUN_18009d730	pipeline/18009D730_FUN_18009d730.txt	pipeline	3	FUN_1800b7680 @1800b76d0	343
18018a930	FUN_18018a930	pipeline/18018A930_FUN_18018a930.txt	pipeline	3	FUN_18016d570 @18016d675	441
18006d730	FUN_18006d730	pipeline/18006D730_FUN_18006d730.txt	pipeline	3	FUN_1800b7c80 @1800b7e53	16
18021f4c4	FUN_18021f4c4	pipeline/18021F4C4_FUN_18021f4c4.txt	pipeline	3	FUN_18021f4bc @18021f4be	250
1800ed580	FUN_1800ed580	pipeline/1800ED580_FUN_1800ed580.txt	pipeline	3	FUN_1800ed340 @1800ed3ea	196
180012910	FUN_180012910	pipeline/180012910_FUN_180012910.txt	pipeline	3	FUN_1800ed340 @1800ed406	598
1800b85d0	FUN_1800b85d0	pipeline/1800B85D0_FUN_1800b85d0.txt	pipeline	3	FUN_1800b8000 @1800b81a4	82
18016ebc0	FUN_18016ebc0	pipeline/18016EBC0_FUN_18016ebc0.txt	pipeline	3	FUN_1800b8000 @1800b82cf	105
180092b50	FUN_180092b50	pipeline/180092B50_FUN_180092b50.txt	pipeline	3	FUN_1800afe20 @1800afe90	301
1800299e0	FUN_1800299e0	pipeline/1800299E0_FUN_1800299e0.txt	pipeline	3	FUN_1800afe20 @1800afec6	412
18008f190	FUN_18008f190	pipeline/18008F190_FUN_18008f190.txt	pipeline	3	FUN_1800afe20 @1800b04cb	498
18008f390	FUN_18008f390	pipeline/18008F390_FUN_18008f390.txt	pipeline	3	FUN_1800afe20 @1800b04d0	136
180170a50	FUN_180170a50	pipeline/180170A50_FUN_180170a50.txt	pipeline	3	FUN_1801702d0 @1801702db	175
18021d6e0	FUN_18021d6e0	pipeline/18021D6E0_FUN_18021d6e0.txt	pipeline	3	FUN_18021d410 @18021d46b	729
1801847e8	FUN_1801847e8	pipeline/1801847E8_FUN_1801847e8.txt	pipeline	3	FUN_1801845c0 @1801845cc	71
1801846e0	FUN_1801846e0	pipeline/1801846E0_FUN_1801846e0.txt	pipeline	3	FUN_180184578 @180184584	71
180012fe0	FUN_180012fe0	pipeline/180012FE0_FUN_180012fe0.txt	pipeline	3	FUN_1800a1140 @1800a16d7	126
18000c4f0	FUN_18000c4f0	pipeline/18000C4F0_FUN_18000c4f0.txt	pipeline	3	FUN_18000b330 @18000b3a3	372
18000c150	FUN_18000c150	pipeline/18000C150_FUN_18000c150.txt	pipeline	3	FUN_18000b330 @18000b3c6	923
18000b500	FUN_18000b500	pipeline/18000B500_FUN_18000b500.txt	pipeline	3	FUN_18000b330 @18000b4be	207
180109e30	FUN_180109e30	pipeline/180109E30_FUN_180109e30.txt	pipeline	3	FUN_180109bd0 @180109c29	254
180109ca0	FUN_180109ca0	pipeline/180109CA0_FUN_180109ca0.txt	pipeline	3	FUN_180109bd0 @180109c42	388
18005d390	FUN_18005d390	pipeline/18005D390_FUN_18005d390.txt	pipeline	3	FUN_18005d2b0 @18005d33f	1266
18005d8e0	FUN_18005d8e0	pipeline/18005D8E0_FUN_18005d8e0.txt	pipeline	3	FUN_18005d2b0 @18005d370	856
18005e870	FUN_18005e870	pipeline/18005E870_FUN_18005e870.txt	pipeline	3	FUN_18005e790 @18005e81f	1566
18005eee0	FUN_18005eee0	pipeline/18005EEE0_FUN_18005eee0.txt	pipeline	3	FUN_18005e790 @18005e850	1057
18022bb10	FUN_18022bb10	pipeline/18022BB10_FUN_18022bb10.txt	pipeline	3	FUN_18022bc30 @18022bc76	257
18022f370	FUN_18022f370	pipeline/18022F370_FUN_18022f370.txt	pipeline	3	FUN_18022bc30 @18022bcda	42
180226510	FUN_180226510	pipeline/180226510_FUN_180226510.txt	pipeline	3	FUN_18022bc30 @18022bcdf	32
180226530	FUN_180226530	pipeline/180226530_FUN_180226530.txt	pipeline	3	FUN_18022bc30 @18022bd26	47
18022efb0	FUN_18022efb0	pipeline/18022EFB0_FUN_18022efb0.txt	pipeline	3	FUN_18022bc30 @18022bd31	51
18005ff10	FUN_18005ff10	pipeline/18005FF10_FUN_18005ff10.txt	pipeline	3	FUN_18005fd80 @18005febc	293
180031720	FUN_180031720	pipeline/180031720_FUN_180031720.txt	pipeline	3	FUN_180030f00 @180031457	115
1800317a0	FUN_1800317a0	pipeline/1800317A0_FUN_1800317a0.txt	pipeline	3	FUN_180030f00 @180031469	115
180031820	FUN_180031820	pipeline/180031820_FUN_180031820.txt	pipeline	3	FUN_180030f00 @18003147c	115
1800318a0	FUN_1800318a0	pipeline/1800318A0_FUN_1800318a0.txt	pipeline	3	FUN_180030f00 @180031490	115
180031920	FUN_180031920	pipeline/180031920_FUN_180031920.txt	pipeline	3	FUN_180030f00 @1800315b5	75
180031970	FUN_180031970	pipeline/180031970_FUN_180031970.txt	pipeline	3	FUN_180030f00 @1800315d6	299
180030830	FUN_180030830	pipeline/180030830_FUN_180030830.txt	pipeline	3	FUN_180030f00 @180031664	1551
1800601e0	FUN_1800601e0	pipeline/1800601E0_FUN_1800601e0.txt	pipeline	3	FUN_180060040 @180060186	1379
180060790	FUN_180060790	pipeline/180060790_FUN_180060790.txt	pipeline	3	FUN_180060040 @1800601c1	562
180063fe0	FUN_180063fe0	hitchance/180063FE0_FUN_180063fe0.txt	hitchance	3	FUN_180063800 @180063c05	834
180064480	FUN_180064480	hitchance/180064480_FUN_180064480.txt	hitchance	3	FUN_180063d40 @180063ed0	2254
180064340	FUN_180064340	hitchance/180064340_FUN_180064340.txt	hitchance	3	FUN_180063d40 @180063fca	302
18006cdc0	FUN_18006cdc0	hitchance/18006CDC0_FUN_18006cdc0.txt	hitchance	3	FUN_180152b00 @180152cea	476
1801041e0	FUN_1801041e0	hitchance/1801041E0_FUN_1801041e0.txt	hitchance	3	FUN_180103e50 @1801041ad	270
180104300	FUN_180104300	hitchance/180104300_FUN_180104300.txt	hitchance	3	FUN_180103e50 @1801041b7	236
180203ec4	FUN_180203ec4	hitchance/180203EC4_FUN_180203ec4.txt	hitchance	3	FUN_180203cac @180203d56	308
180203ff8	FUN_180203ff8	hitchance/180203FF8_FUN_180203ff8.txt	hitchance	3	FUN_180203cac @180203d7e	368
180204168	FUN_180204168	hitchance/180204168_FUN_180204168.txt	hitchance	3	FUN_180203cac @180203d85	582
180203e14	FUN_180203e14	hitchance/180203E14_FUN_180203e14.txt	hitchance	3	FUN_180203cac @180203df9	26
18006cb10	FUN_18006cb10	hitchance/18006CB10_FUN_18006cb10.txt	hitchance	3	FUN_18013d030 @18013d06b	672
1800eb320	FUN_1800eb320	hitchance/1800EB320_FUN_1800eb320.txt	hitchance	3	FUN_18014c500 @18014c60f	270
18014c720	FUN_18014c720	hitchance/18014C720_FUN_18014c720.txt	hitchance	3	FUN_18014c620 @18014c696	778
18013c110	FUN_18013c110	hitchance/18013C110_FUN_18013c110.txt	hitchance	3	FUN_18013bef0 @18013c049	688
1801256d0	FUN_1801256d0	hitchance/1801256D0_FUN_1801256d0.txt	hitchance	3	FUN_180128210 @1801282d0	1961
180124fd0	FUN_180124fd0	hitchance/180124FD0_FUN_180124fd0.txt	hitchance	3	FUN_180128210 @1801282eb	210
18013ab60	FUN_18013ab60	hitchance/18013AB60_FUN_18013ab60.txt	hitchance	3	FUN_180149180 @1801492dd	1382
180185430	FUN_180185430	hitchance/180185430_FUN_180185430.txt	hitchance	3	FUN_18013a8b0 @18013a91e	105
180185040	FUN_180185040	hitchance/180185040_FUN_180185040.txt	hitchance	3	FUN_18013a8b0 @18013a940	105
180215670	FUN_180215670	hitchance/180215670_FUN_180215670.txt	hitchance	3	FUN_18013a8b0 @18013a9ac	856
180125120	FUN_180125120	hitchance/180125120_FUN_180125120.txt	hitchance	3	FUN_180129960 @180129c64	333
1801253d0	FUN_1801253d0	hitchance/1801253D0_FUN_1801253d0.txt	hitchance	3	FUN_180126130 @18012626b	768
180135290	FUN_180135290	nospread/180135290_FUN_180135290.txt	nospread	3	FUN_1801345c0 @18013462a	82
180134ec0	FUN_180134ec0	nospread/180134EC0_FUN_180134ec0.txt	nospread	3	FUN_1801345c0 @18013467e	969
18021d4c4	FUN_18021d4c4	nospread/18021D4C4_FUN_18021d4c4.txt	nospread	3	FUN_180135300 @18013537b	179
180218750	FUN_180218750	nospread/180218750_FUN_180218750.txt	nospread	3	FUN_180135300 @1801353ef	22
18021ebe0	FUN_18021ebe0	nospread/18021EBE0_FUN_18021ebe0.txt	nospread	3	FUN_18021ef00 @18021ef07	770
18022d6b0	FUN_18022d6b0	nospread/18022D6B0_FUN_18022d6b0.txt	nospread	3	FUN_18021ef00 @18021f1d5	140
18008b4b0	FUN_18008b4b0	nospread/18008B4B0_FUN_18008b4b0.txt	nospread	3	FUN_18008b250 @18008b275	375
180072680	FUN_180072680	nospread/180072680_FUN_180072680.txt	nospread	3	FUN_18008b250 @18008b285	231
18012d410	FUN_18012d410	nospread/18012D410_FUN_18012d410.txt	nospread	3	FUN_18008b250 @18008b2a5	705
18006eed0	FUN_18006eed0	nospread/18006EED0_FUN_18006eed0.txt	nospread	3	FUN_18008b250 @18008b303	1035
18003d3e0	FUN_18003d3e0	nospread/18003D3E0_FUN_18003d3e0.txt	nospread	3	FUN_18008b250 @18008b312	2248
180034a30	FUN_180034a30	nospread/180034A30_FUN_180034a30.txt	nospread	3	FUN_18008b250 @18008b321	131
180073200	FUN_180073200	nospread/180073200_FUN_180073200.txt	nospread	3	FUN_18008b250 @18008b330	260
1801065c0	FUN_1801065c0	nospread/1801065C0_FUN_1801065c0.txt	nospread	3	FUN_18008b250 @18008b351	206
1800afa50	FUN_1800afa50	nospread/1800AFA50_FUN_1800afa50.txt	nospread	3	FUN_18008b250 @18008b362	539
1800f92f0	FUN_1800f92f0	nospread/1800F92F0_FUN_1800f92f0.txt	nospread	3	FUN_18008b250 @18008b36e	2372
18012d6e0	FUN_18012d6e0	nospread/18012D6E0_FUN_18012d6e0.txt	nospread	3	FUN_18008b250 @18008b37f	7271
18008b0a0	FUN_18008b0a0	nospread/18008B0A0_FUN_18008b0a0.txt	nospread	3	FUN_18008b250 @18008b387	428
1800eea80	FUN_1800eea80	nospread/1800EEA80_FUN_1800eea80.txt	nospread	3	FUN_180089b90 @180089c05	10
1800f9c50	FUN_1800f9c50	nospread/1800F9C50_FUN_1800f9c50.txt	nospread	3	FUN_180089b90 @180089ce0	359
18013eb20	FUN_18013eb20	nospread/18013EB20_FUN_18013eb20.txt	nospread	3	FUN_180089b90 @180089cee	139
180166750	FUN_180166750	nospread/180166750_FUN_180166750.txt	nospread	3	FUN_180165210 @1801652d4	627
180164ff0	FUN_180164ff0	nospread/180164FF0_FUN_180164ff0.txt	nospread	3	FUN_180165210 @18016543f	414
180153290	FUN_180153290	nospread/180153290_FUN_180153290.txt	nospread	3	FUN_180165210 @1801654a8	67
1801532e0	FUN_1801532e0	nospread/1801532E0_FUN_1801532e0.txt	nospread	3	FUN_180165210 @1801654c0	3479
1801651a0	FUN_1801651a0	nospread/1801651A0_FUN_1801651a0.txt	nospread	3	FUN_180165210 @180165627	111
18016a030	FUN_18016a030	nospread/18016A030_FUN_18016a030.txt	nospread	3	FUN_180169fd0 @18016a01d	422
180165830	FUN_180165830	nospread/180165830_FUN_180165830.txt	nospread	3	FUN_180165960 @180165978	293
18010e8e0	FUN_18010e8e0	nospread/18010E8E0_FUN_18010e8e0.txt	nospread	3	FUN_18010e0d0 @18010e2b3	115
18010e960	FUN_18010e960	nospread/18010E960_FUN_18010e960.txt	nospread	3	FUN_18010e0d0 @18010e2c1	115
18001ce10	FUN_18001ce10	nospread/18001CE10_FUN_18001ce10.txt	nospread	3	FUN_180019ff0 @18001a19d	523
18001d030	FUN_18001d030	nospread/18001D030_FUN_18001d030.txt	nospread	3	FUN_180019ff0 @18001a2b4	523
180021560	FUN_180021560	nospread/180021560_FUN_180021560.txt	nospread	3	FUN_180019ff0 @18001a650	149
180021600	FUN_180021600	nospread/180021600_FUN_180021600.txt	nospread	3	FUN_180019ff0 @18001a6fe	166
18001b7c0	FUN_18001b7c0	nospread/18001B7C0_FUN_18001b7c0.txt	nospread	3	FUN_180019ff0 @18001a84e	1452
18001bd70	FUN_18001bd70	nospread/18001BD70_FUN_18001bd70.txt	nospread	3	FUN_180019ff0 @18001b111	1034
18001c180	FUN_18001c180	nospread/18001C180_FUN_18001c180.txt	nospread	3	FUN_180019ff0 @18001b146	1272
18001d250	FUN_18001d250	nospread/18001D250_FUN_18001d250.txt	nospread	3	FUN_180019ff0 @18001b16b	656
18001c680	FUN_18001c680	nospread/18001C680_FUN_18001c680.txt	nospread	3	FUN_180019ff0 @18001b5c5	115
18001c700	FUN_18001c700	nospread/18001C700_FUN_18001c700.txt	nospread	3	FUN_180019ff0 @18001b5e9	310
180009a70	FUN_180009a70	nospread/180009A70_FUN_180009a70.txt	nospread	3	FUN_180009180 @18000934b	115
180167640	FUN_180167640	nospread/180167640_FUN_180167640.txt	nospread	3	FUN_180009180 @180009369	255
180009af0	FUN_180009af0	nospread/180009AF0_FUN_180009af0.txt	nospread	3	FUN_180009180 @180009374	185
180009bb0	FUN_180009bb0	nospread/180009BB0_FUN_180009bb0.txt	nospread	3	FUN_180009180 @1800093fe	115
1800098c0	FUN_1800098c0	nospread/1800098C0_FUN_1800098c0.txt	nospread	3	FUN_180009180 @1800094a6	411
180019250	FUN_180019250	nospread/180019250_FUN_180019250.txt	nospread	3	FUN_180018910 @180018a83	1310
180019780	FUN_180019780	nospread/180019780_FUN_180019780.txt	nospread	3	FUN_180018910 @180018ba7	1202
180018e30	FUN_180018e30	nospread/180018E30_FUN_180018e30.txt	nospread	3	FUN_180018910 @180018bdb	1041
18002f070	FUN_18002f070	nospread/18002F070_FUN_18002f070.txt	nospread	3	FUN_18002e190 @18002e60b	1327
18002f780	FUN_18002f780	nospread/18002F780_FUN_18002f780.txt	nospread	3	FUN_18002e190 @18002e7aa	1412
18002eb00	FUN_18002eb00	nospread/18002EB00_FUN_18002eb00.txt	nospread	3	FUN_18002e190 @18002e7c9	1392
18002fd10	FUN_18002fd10	nospread/18002FD10_FUN_18002fd10.txt	nospread	3	FUN_18002e190 @18002e7f9	115
18002fd90	FUN_18002fd90	nospread/18002FD90_FUN_18002fd90.txt	nospread	3	FUN_18002e190 @18002e808	115
18002fe10	FUN_18002fe10	nospread/18002FE10_FUN_18002fe10.txt	nospread	3	FUN_18002e190 @18002e813	115
18002fe90	FUN_18002fe90	nospread/18002FE90_FUN_18002fe90.txt	nospread	3	FUN_18002e190 @18002e840	115
18002ff10	FUN_18002ff10	nospread/18002FF10_FUN_18002ff10.txt	nospread	3	FUN_18002e190 @18002e87c	310
18007dd70	FUN_18007dd70	nospread/18007DD70_FUN_18007dd70.txt	nospread	3	FUN_18007dcb0 @18007dd5f	1724
1800830a0	FUN_1800830a0	nospread/1800830A0_FUN_1800830a0.txt	nospread	3	FUN_180082da0 @180082e7b	2964
180074f40	FUN_180074f40	nospread/180074F40_FUN_180074f40.txt	nospread	3	FUN_180075c50 @180075c5f	204
180075c80	FUN_180075c80	nospread/180075C80_FUN_180075c80.txt	nospread	3	FUN_180075c50 @180075c6c	1248
1800728d0	FUN_1800728d0	nospread/1800728D0_FUN_1800728d0.txt	nospread	3	FUN_180072cd0 @180072fc9	629
180072770	FUN_180072770	nospread/180072770_FUN_180072770.txt	nospread	3	FUN_180072cd0 @18007303c	315
1800678e0	FUN_1800678e0	nospread/1800678E0_FUN_1800678e0.txt	nospread	3	FUN_180067a30 @180067cff	325
18006cfb0	FUN_18006cfb0	nospread/18006CFB0_FUN_18006cfb0.txt	nospread	3	FUN_180067a30 @180067d86	297
18006d250	FUN_18006d250	nospread/18006D250_FUN_18006d250.txt	nospread	3	FUN_180067a30 @180067f48	720
18006d0e0	FUN_18006d0e0	nospread/18006D0E0_FUN_18006d0e0.txt	nospread	3	FUN_180067a30 @1800680b6	365
18006d530	FUN_18006d530	nospread/18006D530_FUN_18006d530.txt	nospread	3	FUN_180067a30 @180068535	501
1800ecce0	FUN_1800ecce0	nospread/1800ECCE0_FUN_1800ecce0.txt	nospread	3	FUN_1800b08e0 @1800b0b29	262
180109600	FUN_180109600	nospread/180109600_FUN_180109600.txt	nospread	3	FUN_180109420 @180109487	720
1802174f0	FUN_1802174f0	nospread/1802174F0_FUN_1802174f0.txt	nospread	3	FUN_180072ba0 @180072bf6	830
18007e9b0	FUN_18007e9b0	nospread/18007E9B0_FUN_18007e9b0.txt	nospread	3	FUN_18007e7d0 @18007e8a3	68
180082c00	FUN_180082c00	nospread/180082C00_FUN_180082c00.txt	nospread	3	FUN_18007ea00 @18007eafd	142
18007f1b0	FUN_18007f1b0	nospread/18007F1B0_FUN_18007f1b0.txt	nospread	3	FUN_18007ea00 @18007eb0a	63
18006de80	FUN_18006de80	nospread/18006DE80_FUN_18006de80.txt	nospread	3	FUN_18006d750 @18006d8ed	628
1800720a0	FUN_1800720a0	nospread/1800720A0_FUN_1800720a0.txt	nospread	3	FUN_180071ef0 @180071f60	847
18006e110	FUN_18006e110	nospread/18006E110_FUN_18006e110.txt	nospread	3	FUN_18006d9b0 @18006da3f	244
18006e210	FUN_18006e210	nospread/18006E210_FUN_18006e210.txt	nospread	3	FUN_18006d9b0 @18006da76	467
18006e420	FUN_18006e420	nospread/18006E420_FUN_18006e420.txt	nospread	3	FUN_18006d9b0 @18006da8c	62
18006e460	FUN_18006e460	nospread/18006E460_FUN_18006e460.txt	nospread	3	FUN_18006d9b0 @18006dc61	1978
180082ca0	FUN_180082ca0	nospread/180082CA0_FUN_180082ca0.txt	nospread	3	FUN_18008a010 @18008a054	46
180082cd0	FUN_180082cd0	nospread/180082CD0_FUN_180082cd0.txt	nospread	3	FUN_18008a070 @18008a087	198
180239e20	FUN_180239e20	nospread/180239E20_FUN_180239e20.txt	nospread	3	FUN_18022ce10 @18022cf0b	9
1800624f0	FUN_1800624f0	autowall_damage/1800624F0_FUN_1800624f0.txt	autowall_damage	3	FUN_180061bc0 @180061ff1	2839
180062220	FUN_180062220	autowall_damage/180062220_FUN_180062220.txt	autowall_damage	3	FUN_180061bc0 @18006220d	688
18016c5b0	FUN_18016c5b0	trace_geometry/18016C5B0_FUN_18016c5b0.txt	trace_geometry	3	FUN_18016efa0 @18016efb5	98
18016c340	FUN_18016c340	trace_geometry/18016C340_FUN_18016c340.txt	trace_geometry	3	FUN_18016df70 @18016df88	9
18018c450	FUN_18018c450	trace_geometry/18018C450_FUN_18018c450.txt	trace_geometry	3	FUN_18016d430 @18016d4aa	98
18018c520	FUN_18018c520	trace_geometry/18018C520_FUN_18018c520.txt	trace_geometry	3	FUN_18016d430 @18016d4b8	297
18018fbf0	FUN_18018fbf0	trace_geometry/18018FBF0_FUN_18018fbf0.txt	trace_geometry	3	FUN_18016d140 @18016d14d	181
18021234c	FUN_18021234c	trace_geometry/18021234C_FUN_18021234c.txt	trace_geometry	3	FUN_18016eec0 @18016eed5	113
18018fd50	FUN_18018fd50	trace_geometry/18018FD50_FUN_18018fd50.txt	trace_geometry	3	FUN_18016cb50 @18016cb69	287
18018fcb0	FUN_18018fcb0	trace_geometry/18018FCB0_FUN_18018fcb0.txt	trace_geometry	3	FUN_18016cb50 @18016cb70	153
180192c60	FUN_180192c60	trace_geometry/180192C60_FUN_180192c60.txt	trace_geometry	3	FUN_18016ddc0 @18016de1e	419
1801906d0	FUN_1801906d0	trace_geometry/1801906D0_FUN_1801906d0.txt	trace_geometry	3	FUN_18016ddc0 @18016de46	150
18018c4c0	FUN_18018c4c0	trace_geometry/18018C4C0_FUN_18018c4c0.txt	trace_geometry	3	FUN_18016ddc0 @18016de74	93
18018c400	FUN_18018c400	trace_geometry/18018C400_FUN_18018c400.txt	trace_geometry	3	FUN_180190d90 @180190d9c	70
180191c40	FUN_180191c40	trace_geometry/180191C40_FUN_180191c40.txt	trace_geometry	3	FUN_180190dd0 @180190e15	237
180191d30	FUN_180191d30	trace_geometry/180191D30_FUN_180191d30.txt	trace_geometry	3	FUN_180190dd0 @180190e75	648
180191b00	FUN_180191b00	trace_geometry/180191B00_FUN_180191b00.txt	trace_geometry	3	FUN_180190dd0 @180190ef3	315
1801918f0	FUN_1801918f0	trace_geometry/1801918F0_FUN_1801918f0.txt	trace_geometry	3	FUN_180190dd0 @180191015	515
1801918b0	FUN_1801918b0	trace_geometry/1801918B0_FUN_1801918b0.txt	trace_geometry	3	FUN_180190dd0 @1801910ac	59
18018afc0	FUN_18018afc0	trace_geometry/18018AFC0_FUN_18018afc0.txt	trace_geometry	3	FUN_180190dd0 @1801910b6	177
1801702e0	FUN_1801702e0	trace_geometry/1801702E0_FUN_1801702e0.txt	trace_geometry	3	FUN_18018bf30 @18018bf5c	41
180187d80	FUN_180187d80	trace_geometry/180187D80_FUN_180187d80.txt	trace_geometry	3	FUN_18018bf30 @18018bf9d	111
18018f570	FUN_18018f570	trace_geometry/18018F570_FUN_18018f570.txt	trace_geometry	3	FUN_18018bf30 @18018bfd6	775
18018ed80	FUN_18018ed80	trace_geometry/18018ED80_FUN_18018ed80.txt	trace_geometry	3	FUN_18018bf30 @18018c02c	1158
18016d3d0	FUN_18016d3d0	trace_geometry/18016D3D0_FUN_18016d3d0.txt	trace_geometry	3	FUN_18016ead0 @18016eb69	96
18016c8c0	FUN_18016c8c0	trace_geometry/18016C8C0_FUN_18016c8c0.txt	trace_geometry	3	FUN_18016ead0 @18016eb99	86
180217830	FUN_180217830	trace_geometry/180217830_FUN_180217830.txt	trace_geometry	3	FUN_1800931b0 @180093248	51
180094cd0	FUN_180094cd0	trace_geometry/180094CD0_FUN_180094cd0.txt	trace_geometry	3	FUN_1800931b0 @180093318	17
1800803b0	FUN_1800803b0	trace_geometry/1800803B0_FUN_1800803b0.txt	trace_geometry	3	FUN_1800931b0 @180093326	15
180093e30	FUN_180093e30	trace_geometry/180093E30_FUN_180093e30.txt	trace_geometry	3	FUN_1800931b0 @18009334d	3667
1801929d0	FUN_1801929d0	trace_geometry/1801929D0_FUN_1801929d0.txt	trace_geometry	3	FUN_18016c760 @18016c792	192
1800e6f80	FUN_1800e6f80	trace_geometry/1800E6F80_FUN_1800e6f80.txt	trace_geometry	3	FUN_1800e6f50 @1800e6f5e	14
18022d000	FUN_18022d000	trace_geometry/18022D000_FUN_18022d000.txt	trace_geometry	3	FUN_180213a60 @180213dc9	510
18022d670	FUN_18022d670	trace_geometry/18022D670_FUN_18022d670.txt	trace_geometry	3	FUN_180213a60 @180213de5	18
18022d400	FUN_18022d400	trace_geometry/18022D400_FUN_18022d400.txt	trace_geometry	3	FUN_180213a60 @180213eca	119
18022d210	FUN_18022d210	trace_geometry/18022D210_FUN_18022d210.txt	trace_geometry	3	FUN_180213a60 @180213fc0	483
18022d5c0	FUN_18022d5c0	trace_geometry/18022D5C0_FUN_18022d5c0.txt	trace_geometry	3	FUN_18021af90 @18021b2e5	18
18022bd70	FUN_18022bd70	trace_geometry/18022BD70_FUN_18022bd70.txt	trace_geometry	3	FUN_18021bbc0 @18021bbfe	19
18022bd90	FUN_18022bd90	trace_geometry/18022BD90_FUN_18022bd90.txt	trace_geometry	3	FUN_18021bbc0 @18021bc49	307
1800ec9f0	FUN_1800ec9f0	trace_geometry/1800EC9F0_FUN_1800ec9f0.txt	trace_geometry	3	FUN_1800e7ac0 @1800e7c8d	151
180185e00	FUN_180185e00	trace_geometry/180185E00_FUN_180185e00.txt	trace_geometry	3	FUN_1800e8e30 @1800e8f73	151
1800921b0	FUN_1800921b0	trace_geometry/1800921B0_FUN_1800921b0.txt	trace_geometry	3	FUN_1800e8e30 @1800e90cd	620
1800e98f0	FUN_1800e98f0	trace_geometry/1800E98F0_FUN_1800e98f0.txt	trace_geometry	3	FUN_1800e8e30 @1800e9134	492
180130530	FUN_180130530	trace_geometry/180130530_FUN_180130530.txt	trace_geometry	3	FUN_1800e8210 @1800e849d	1246
18012b290	FUN_18012b290	trace_geometry/18012B290_FUN_18012b290.txt	trace_geometry	3	FUN_18012b580 @18012bb35	739
1801830e0	FUN_1801830e0	trace_geometry/1801830E0_FUN_1801830e0.txt	trace_geometry	3	FUN_18012cee0 @18012cf1d	156
180178cd0	FUN_180178cd0	trace_geometry/180178CD0_FUN_180178cd0.txt	trace_geometry	3	FUN_18012cee0 @18012cf4f	80
180183180	FUN_180183180	trace_geometry/180183180_FUN_180183180.txt	trace_geometry	3	FUN_18012cee0 @18012cf5d	52
1800184b0	FUN_1800184b0	trace_geometry/1800184B0_FUN_1800184b0.txt	trace_geometry	3	FUN_18012cee0 @18012cfe9	270
180139d60	FUN_180139d60	trace_geometry/180139D60_FUN_180139d60.txt	trace_geometry	3	FUN_18012cee0 @18012d052	240
180178d40	FUN_180178d40	trace_geometry/180178D40_FUN_180178d40.txt	trace_geometry	3	FUN_18012cee0 @18012d089	224
1801242c0	FUN_1801242c0	trace_geometry/1801242C0_FUN_1801242c0.txt	trace_geometry	3	FUN_18012cee0 @18012d0d0	438
180178f60	FUN_180178f60	trace_geometry/180178F60_FUN_180178f60.txt	trace_geometry	3	FUN_18012cee0 @18012d14a	719
180179d60	FUN_180179d60	trace_geometry/180179D60_FUN_180179d60.txt	trace_geometry	3	FUN_18012cee0 @18012d16d	31
180139e60	FUN_180139e60	trace_geometry/180139E60_FUN_180139e60.txt	trace_geometry	3	FUN_18012cee0 @18012d239	309
180124480	FUN_180124480	trace_geometry/180124480_FUN_180124480.txt	trace_geometry	3	FUN_18012cee0 @18012d265	666
180139fa0	FUN_180139fa0	trace_geometry/180139FA0_FUN_180139fa0.txt	trace_geometry	3	FUN_18012cee0 @18012d3b4	1042
1801311f0	FUN_1801311f0	trace_geometry/1801311F0_FUN_1801311f0.txt	trace_geometry	3	FUN_18012cee0 @18012d3e6	29
180124720	FUN_180124720	trace_geometry/180124720_FUN_180124720.txt	trace_geometry	3	FUN_180124840 @18012496e	275
1800eb440	FUN_1800eb440	trace_geometry/1800EB440_FUN_1800eb440.txt	trace_geometry	3	FUN_1800eb0a0 @1800eb2fe	236
1800eb850	FUN_1800eb850	trace_geometry/1800EB850_FUN_1800eb850.txt	trace_geometry	3	FUN_1800eb720 @1800eb751	412
1800eba10	FUN_1800eba10	trace_geometry/1800EBA10_FUN_1800eba10.txt	trace_geometry	3	FUN_1800eb720 @1800eb7c2	205
180192b40	FUN_180192b40	trace_geometry/180192B40_FUN_180192b40.txt	trace_geometry	3	FUN_18016dd10 @18016dd6f	273
1801903f0	FUN_1801903f0	trace_geometry/1801903F0_FUN_1801903f0.txt	trace_geometry	3	FUN_18016dd10 @18016dd9a	127
1802319b0	FUN_1802319b0	trace_geometry/1802319B0_FUN_1802319b0.txt	trace_geometry	3	FUN_18021a220 @18021a517	118
1800b0e00	FUN_1800b0e00	hitbox_backtrack/1800B0E00_FUN_1800b0e00.txt	hitbox_backtrack	3	FUN_18010a330 @18010a37d	1589
18010a760	FUN_18010a760	hitbox_backtrack/18010A760_FUN_18010a760.txt	hitbox_backtrack	3	FUN_18010a3d0 @18010a6d9	276
18010a880	FUN_18010a880	hitbox_backtrack/18010A880_FUN_18010a880.txt	hitbox_backtrack	3	FUN_18010a3d0 @18010a6e3	245
